time,value
before,"""뿌리부터 튼튼한 인공지능 인재 양성""…광주전략회의 첫 개최"
before,[오늘의 스프] 인공지능(AI)은 새로운 장르의 음악을 창조할 수 있을까
before,"네이버, 서비스 출시 과정서 인공지능 윤리 적용 강화한다"
before,인공지능 언어 능력 평가 대상에 '가천대학교 1인 1메뉴' 팀
before,"SKT, 맨홀 내부 안전사고 ‘사물인터넷·인공지능’ 기술로 막는다"
before,사람을 돕는 착한 인공지능(AI)
before,"""인공지능 시대, 초·중·고 교육 균형 필요""…토론회 개최"
before,"UNIST, 울주군 인공지능(AI) 미래인재 탄생!"
before,한국-캐나다 제조업 인공지능 접목 지속 협력
before,"SKT, 맨홀 내부 안전사고 IoT·인공지능 기술로 예방"
before,"국민대·NH농협, 2022년 '인공지능활용' 교육과정 수료식"
before,"SKT, 맨홀 내부 안전사고 ‘사물인터넷·인공지능’ 기술로 막는다"
before,"거제옥포고, 청소년 인공지능 경진대회 '우수상'"
before,"경남도, 자동차부품산업에 인공지능 더해 경쟁력 강화한다"
before,사람을 돕는 착한 인공지능(AI)
before,빅데이터·인공지능…속도내는 한국형 디지털관광
before,"LIG넥스원, 인공지능 기반 '이동통신망 자율운용' 기술 개발"
before,"경기도교육청, 28~29일 인공지능 교육성과 나눔회"
before,"[B tv 중부뉴스]천안시, 인공지능 비대면 노인 돌봄 서비스 시작"
before,"LG CNS, 인공지능 기반 영어회화 앱 '버터타임' 개편"
before,"원프레딕트, E1에 인공지능 기반 설비 예측진단 솔루션 '가디원' 공급"
before,"크리스탈지노믹스, 파미노젠과 인공지능 기반 혁신신약 발굴 나서"
before,"와이즈스톤, 베스트콘서 '인공지능 신뢰성 검증' 발표"
before,인공지능 기술 담은 태블릿 공부전용필기앱 '린트' 출시
before,인공지능학습데이터구축·수소공급 NCS 반영
before,"동의대 인공지능그랜드ICT연구센터, 부산교통공사 등과 디지털 혁신 활성화를 위한 협약 체결"
before,한세억 동아대 교수 '인공지능기반 소비자보호 공정성 모델' 개발
before,"에이프릴어학원, 인공지능·메타버스·미디어 기술 접목한 ‘메타러닝’ 오픈"
before,‘인공지능’으로 3D 위성영상 서비스 시대 개척한다
before,"뷰노 인공지능 안저 판독기, 대만 의료기기 인증 획득"
before,아이들과 함께하는 인공지능 교육 ... 링크제주(주) AI로봇 시연
before,'재활용품' 인공지능 기반 무인회수기가 수거한다...
before,"호남대, 미국 채미네드대학과 ‘인공지능 신기술 교류’"
before,인공지능이 쓴 책 'AI 격차 해소'
before,"인공지능, 전문의 판독을 뛰어넘다"
before,"한세억 동아대 교수, 국내 최초 인공지능기반 소비자보호 공정성 모델 개발"
before,"메타유니버스, 인공지능(AI) 스토리텔링 플랫폼 스토리피아 베타 버전 공개"
before,"린나이, 인공지능 AI 보이스봇 챗봇 시스템 도입 편의성 증대"
before,인공지능 챗봇 국제 특허 경쟁 치열…최근 10년간 출원 2배 늘어
before,"대전 동구, 인공지능 기반 재활용품 무인회수기 12월 1일 시범 운영"
before,"전남대 의대 학부생, 유방암 구분하는 인공지능 모델 개발"
before,"카카오브레인, 의료 인공지능(AI) 사업 속도"
before,"경기교육청, 2022 인공지능 교육 성과 나눔회 개최"
before,"전남대 박재혁 의대 학부생, 유방암 구분하는 인공지능 모델 개발"
before,인공지능(AI)이 그린 그림은 예술일까 아닐까
before,"씽크포비엘, 신뢰할 수 있는 인공지능 개발 안내서 제작"
before,[SOS랩 성과공유회]인천-인공지능 기반 스쿨존 안전 시스템
before,"KG스틸, 인공지능 기술로 도금철판 품질 높인다"
before,"슈퍼랩스, 첫번째 인공지능 버추얼휴먼 '모아', 네이버쇼핑 패션타운에 선보여"
before,"국토부, 인공지능으로 3D 위성영상 서비스 시대 연다!..위성영상 서비스 정책 방향에 반영"
before,"엔씨소프트, '인공지능 그랜드 챌린지' 3차 대회 우승"
before,"호남대, 美 채미네드대학과 '인공지능 신기술 교류'"
before,"'연구개발특구 AI역량강화 지원사업' 모집 시작, 인공지능 사업화 기반 마련 돕는다"
before,"광운인공지능高, 마이크로소프트 ‘홀로렌즈2’ 도입... 몰입감 교육 기회 제공"
before,이스트소프트 인공지능 그랜드 챌린지 시즌1 최종 우승
before,"광주과기원 인공지능 컴퓨터, 세계 슈퍼컴퓨터 랭킹 178위"
before,"도로교통공단, '전국 청소년 인공지능 경진대회' 개최"
before,비대면 시험장 감독관으로 나선 인공지능?
before,"미래 AI 라이프 선도한다!...KT-코웨이, 인공지능·빅데이터 기반 고객 맞춤형 생활 서비스 제시"
before,"“시(詩) 짓고 만화 그리고”…인공지능(AI), 예술가 되다?"
before,"시큐레이어, 노코드 AI 개발 돕는 GUI 기반 인공지능 특허 등록"
before,"톨스토큰, 엘앤케이플래넷과 ‘인공지능 제품 개발’ 업무 협약 체결"
before,[AIS 2022] 일상속 인공지능과 새로운 보안 이슈
before,"익산시, 인공지능 투명페트병 무인회수기 3대 시범 설치 운영"
before,"KT-광운인공지능高, 청소년 AI 인재육성 맞손"
before,"아카에이아이, 경북 한일여자중학교에 인공지능 학습 로봇 뮤지오 공급"
before,[과학기술로 바라본 미래] '인공지능드론'으로 무장하라
before,"엔씨소프트, 과기정통부 주최 '인공지능 그랜드 챌린지' 3차 대회에서 우승 차지"
before,화재진압 효율 극대화 인공지능 6연발 소화탄 발사 드론 개발
before,"KB손보, 자동차보험 인공지능 자동심사 시스템 개발"
before,"유디엠텍, 부품 공정에 인공지능 활용한 스마트 시스템 환경 도입"
before,파프리카 병·충해 진단에 인공지능 활용
before,[2023사이버대] '최초 인공지능 개설' 고려사이버대.. 스마트 학습 지원시스템 'CLICK' 운영
before,"10년간 2배 ‘쑥’, 인공지능 챗봇 특허 경쟁 ‘치열’"
before,"[게시판] 과기정통부, 인공지능 윤리 확산 정책 세미나"
before,엔씨 '인공지능 그랜드챌린지'서 우승
before,[기술자들] 자동차 부품 산업과 만난 인공지능 융합 기술
before,"인공지능으로 제조혁신 한다!…UNIST, AI 노바투스 아카데미아 5기 모집"
before,"메타빌드 ""인공지능 기술로 제2도약""…소프트웨이브서 AI기술 총체 선보인다"
before,"한국 vs 가나, 무승부 예상…인공지능의 축구지능 떨어지네"
before,인공지능 기술을 클라우드컴퓨팅에 결합할 때 얻을 수 있는 효과
before,"스미다서점, '인공지능기반 관광 프로젝트 교재개발용역' 사업 선정"
before,"네이버-인공지능학회, ‘2022 추계 공동학술대회’ 개최"
before,인공지능 기술 활용한 태블릿 공부전용앱 ‘린트’ 출시
before,"한국IT직업전문학교 인공지능학과, 2023학년도 신입생 선발"
before,'인공지능이 그리는 수묵화' 행사 성황리 종료
before,"""인공지능, 걸음마 지나 달려야""…광주시, 국회에 국비지원 요청"
before,"“창원 청년, 인공지능·가상현실 일자리 관심”"
before,"서울대 연구진실성위원회 ""윤성로 연구팀 인공지능 논문 '표절'"""
before,"오강선 교수, 12월 CEO 대상 ‘인공지능과 함께 하는 세상’ 주제 강연"
before,"제나, '시각 인공지능을 활용한 디지털 헬스케어의 미래' 세미나 개최"
before,"[AIS 2022-강연영상] NIPA 김득중 AI산업본부장, 국내·외 인공지능 산업 동향 및 지원사업에 대해"
before,"충남도, ‘인공지능 추적시스템’으로 수배차량 추적·감시"
before,"광주시 교육·연구용 인공지능 고성능 컴퓨터, 세계 랭킹 178위 등재"
before,"엘솔루, 라이나생명 보이스봇에 인공지능 기반 STT 솔루션 공급"
before,항균 펩타이드도 인공지능 활용해 발굴…시간·비용 효율 높여
before,파프리카 병‧충해 진단에 ‘인공지능’ 활용 기반 마련
before,"영국 맨체스터대학, 로봇및 인공지능 센터 개소"
before,현대제뉴인 인공지능 기술 경진대회
before,파프리카 병‧충해 진단에 ‘인공지능’ 활용 기반 마련
before,"한세억 동아대 교수, 국내 최초 인공지능기반 소비자보호 공정성 모델 개발"
before,"뷰노 인공지능 안저 판독기, 대만 식약처 의료기기 인증"
before,"천안시, 인공지능 돌봄인형 통해 24시간 비대면 노인 돌봄 서비스 시작"
before,"“인공지능으로 영어회화 공부하세요”...LG CNS, 튜터 앱 ‘버터타임’ 학습 콘텐츠 강화"
before,"LIG넥스원, ‘인공지능(AI) 기반 이동통신망 자율운용 기술개발’ 성과"
before,"경기도교육청, 인공지능 교육 성과 나눔회 개최"
before,"메타유니버스, 인공지능(AI) 스토리텔링 플랫폼 스토리피아 베타 버전 공개"
before,"린나이, 인공지능 AI 보이스봇 챗봇 시스템 도입 편의성 증대"
before,인공지능 로봇 '알파미니'와 놀면서 배우자
before,인공지능 챗봇 국제 특허 경쟁 치열…최근 10년간 출원 2배 늘어
before,국민대-NH농협 '2022 인공지능활용' 교육과정 수료식
before,"LIG넥스원, ‘인공지능 기반 이동통신망 자율운용’ 기술개발"
before,"대전 동구, 인공지능 기반 재활용품 무인회수기 12월 1일 시범 운영"
before,경기도교육청 '2022 인공지능 교육 성과 나눔회' 진행
before,"천안시, 인공지능 비대면 노인 돌봄 서비스 시작"
before,"전남대 의대 학부생, 유방암 구분하는 인공지능 모델 개발"
before,"SKT·SK쉴더스·네이블컴즈, 맨홀 내부 안전사고 IoT·인공지능 기술로 예방"
before,"린나이, 인공지능 고객상담 시스템 도입"
before,"인공지능 기반 안저 판독 솔루션 '뷰노메드 펀더스 AI', 대만 식약청 의료기기 인증"
before,"유니스트(UNIST), 인공지능 프로젝트 결과 발표"
before,"린나이, 인공지능 고객상담 시스템 도입"
before,"SK텔레콤, 맨홀 내부 안전사고 IoT·인공지능 기술로 예방한다"
before,"경기도교육청, 2022 인공지능 교육 성과 나눔회 개최"
before,"인공지능 기반 안저 판독 솔루션 '뷰노메드 펀더스 AI', 대만 식약청 의료기기 인증"
before,"유니스트(UNIST), 인공지능 프로젝트 결과 발표"
before,"디지털 혁신 활성화 … 동의대 인공지능그랜드ICT연구센터, 부산교통공사 등과 협약"
before,"카카오브레인, 의료 인공지능(AI) 사업 속도"
before,"경기교육청, 2022 인공지능 교육 성과 나눔회 개최"
before,"전남대 박재혁 의대 학부생, 유방암 구분하는 인공지능 모델 개발"
before,인공지능 챗봇 특허 경쟁 '치열'…10년간 2배↑
before,"전남대 박재혁 의대 학부생, 유방암 구분하는 인공지능 모델 개발"
before,"경기도교육청, 인공지능 교육 미리 그린다"
before,인공지능 챗봇 특허 경쟁 '치열'…10년간 2배↑
before,"SKT, IoT·인공지능 기술로 신 맨홀 안전 관리 나서"
before,"동아대 한세억 교수, 국내 최초 '인공지능기반 공정성 증강모델' 개발"
before,"SKT, 맨홀 위험요소 모니터링하는 IoT·인공지능 안전관리 솔루션 확대 적용"
before,"크리스탈지노믹스, 파미노젠과 인공지능(AI) 기반 혁신신약 발굴 계약"
before,인공지능(AI)이 그린 그림은 예술일까 아닐까
before,"씽크포비엘, 신뢰할 수 있는 인공지능 개발 안내서 제작"
before,"엔터아츠, 버추얼 아티스트 '우리(W00R1)' 가수 데뷔…인공지능이 뮤비 제작"
before,"엔터아츠, 버추얼 아티스트 '우리(W00R1)' 가수 데뷔…인공지능이 뮤비 제작"
before,[SOS랩 성과공유회]인천-인공지능 기반 스쿨존 안전 시스템
before,"천안시, 24시간 노인 돌봄 서비스 지원…인공지능 돌봄 인형 제공"
before,"엔터테인먼트 콘텐츠 기업 '메타유니버스', 인공지능 스토리텔링 플랫폼 스토리피아 베타 버전 선보여"
before,"KG스틸, 인공지능 기술로 도금철판 품질 높인다"
before,"경기도교육청, 2022 인공지능 교육 성과 나눔회 개최"
before,"슈퍼랩스, 첫번째 인공지능 버추얼휴먼 '모아', 네이버쇼핑 패션타운에 선보여"
before,"국토부, 인공지능으로 3D 위성영상 서비스 시대 연다!..위성영상 서비스 정책 방향에 반영"
before,"엔씨소프트, '인공지능 그랜드 챌린지' 3차 대회 우승"
before,"호남대, 美 채미네드대학과 '인공지능 신기술 교류'"
before,"엔씨소프트, '인공지능 그랜드 챌린지' 3차 대회 우승"
before,"호남대, 美 채미네드대학과 '인공지능 신기술 교류'"
before,"LIG넥스원, 인공지능 기반 군 이동통신망 자율운용 기술개발 마쳐"
before,"'연구개발특구 AI역량강화 지원사업' 모집 시작, 인공지능 사업화 기반 마련 돕는다"
before,"광운인공지능高, 마이크로소프트 ‘홀로렌즈2’ 도입... 몰입감 교육 기회 제공"
before,이스트소프트 인공지능 그랜드 챌린지 시즌1 최종 우승
before,"한세억 동아대 교수, 국내 최초 ‘인공지능기반 소비자보호 공정성모델’ 개발"
before,"광주과기원 인공지능 컴퓨터, 세계 슈퍼컴퓨터 랭킹 178위"
before,"도로교통공단, '전국 청소년 인공지능 경진대회' 개최"
before,비대면 시험장 감독관으로 나선 인공지능?
before,"미래 AI 라이프 선도한다!...KT-코웨이, 인공지능·빅데이터 기반 고객 맞춤형 생활 서비스 제시"
before,호남대 美 채미네드대학과 '인공지능 신기술 교류'
before,"전남대 학생, 유방암 구분하는 인공지능 모델 개발"
before,"“시(詩) 짓고 만화 그리고”…인공지능(AI), 예술가 되다?"
before,"시큐레이어, 노코드 AI 개발 돕는 GUI 기반 인공지능 특허 등록"
before,동아대 한세억 행정학과 교수 '인공지능기반 소비자보호 공정성모델' 국내 최초 개발
before,"애드아이랩, 인공지능 솔루션 도입한 공부전용 필기앱 ‘린트(Rint)’ 론칭"
before,"톨스토큰, 엘앤케이플래넷과 ‘인공지능 제품 개발’ 업무 협약 체결"
before,"도로교통공단, 전국 청소년 인공지능 경진대회 개최"
before,"경기도교육청, '인공지능 교육 성과 나눔회’ 28일과 29일 양일에 걸쳐 개최"
before,"도로교통공단, 전국 청소년 인공지능 경진대회 개최"
before,"경기도교육청, '인공지능 교육 성과 나눔회’ 28일과 29일 양일에 걸쳐 개최"
before,유방암 구분하는 인공지능 모델 개발…진단 정확도 71.4%
before,"천안시, 인공지능 비대면 노인 돌봄 서비스 운영 돌입"
before,"LIG넥스원·이노와이어리스, 인공지능 적용 軍 이통망 구축"
before,"KG스틸, 인공지능 활용해 ‘공정 온도’ 자동 제어"
before,"전남대 의대 학부생, 유방암 구분하는 인공지능 모델 개발"
before,[AIS 2022] 일상속 인공지능과 새로운 보안 이슈
before,"익산시, 인공지능 투명페트병 무인회수기 3대 시범 설치 운영"
before,"대전 동구, 인공지능 기반 재활용품 무인회수기 시범운영"
before,"익산시, 인공지능 투명페트병 무인회수기 3대 시범 설치 운영"
before,"대전 동구, 인공지능 기반 재활용품 무인회수기 시범운영"
before,"LIG넥스원, 인공지능 기반 '이동통신망 자율운용' 기술 개발"
before,인공지능 챗봇 특허 경쟁 '치열'…10년간 2배 '쑥'
before,인공지능 역량·비즈니스 능력 제고...'연구개발특구 AI역량강화 지원사업' 참여기업 모집
before,"KT-광운인공지능高, 청소년 AI 인재육성 맞손"
before,"아카에이아이, 경북 한일여자중학교에 인공지능 학습 로봇 뮤지오 공급"
before,"엔씨, ‘인공지능 그랜드 챌린저’ 대회서 우승 차지"
before,"SKT•SK쉴더스•네이블컴즈, 맨홀 내부 안전사고 IoT•인공지능 기술로 예방한다"
before,"천안시, 인공지능 비대면 노인 돌봄 서비스 시작! 노인맞춤돌봄서비스 어르신 일상을 비대면 돌봄 인형과 함께"
before,"아카에이아이, 경북 한일여자중학교에 인공지능 학습 로봇 뮤지오 공급"
before,"엔씨, ‘인공지능 그랜드 챌린저’ 대회서 우승 차지"
before,"SKT•SK쉴더스•네이블컴즈, 맨홀 내부 안전사고 IoT•인공지능 기술로 예방한다"
before,"천안시, 인공지능 비대면 노인 돌봄 서비스 시작! 노인맞춤돌봄서비스 어르신 일상을 비대면 돌봄 인형과 함께"
before,[과학기술로 바라본 미래] '인공지능드론'으로 무장하라
before,"린나이, 고객만족도 증대 위한 인공지능 고객상담 시스템 도입"
before,"엔씨소프트, 과기정통부 주최 '인공지능 그랜드 챌린지' 3차 대회에서 우승 차지"
before,경기도교육청 인공지능 교육 우수 사례 공유~방향성 모색
before,화재진압 효율 극대화 인공지능 6연발 소화탄 발사 드론 개발
before,"KT-광운인공지능고등학교, 청소년 AI 인재 육성 협력"
before,경기도교육청 인공지능 교육 우수 사례 공유~방향성 모색
before,화재진압 효율 극대화 인공지능 6연발 소화탄 발사 드론 개발
before,"KT-광운인공지능고등학교, 청소년 AI 인재 육성 협력"
before,"KB손보, 자동차보험 인공지능 자동심사 시스템 개발"
before,"유디엠텍, 부품 공정에 인공지능 활용한 스마트 시스템 환경 도입"
before,"국민대-NH농협, '인공지능활용' 교육과정 수료식 개최"
before,"엔씨소프트, '인공지능 그랜드 챌린지' 우승"
before,파프리카 병·충해 진단에 인공지능 활용
before,"도로교통공단, 전국 청소년 인공지능 경진대회 개최"
before,[2023사이버대] '최초 인공지능 개설' 고려사이버대.. 스마트 학습 지원시스템 'CLICK' 운영
before,"도로교통공단, 전국 청소년 인공지능 경진대회 개최"
before,[2023사이버대] '최초 인공지능 개설' 고려사이버대.. 스마트 학습 지원시스템 'CLICK' 운영
before,"10년간 2배 ‘쑥’, 인공지능 챗봇 특허 경쟁 ‘치열’"
before,동의대 인공지능그랜드ICT연구센터-부산교통공사 등 6개기관 '디지털 혁신 활성화' 업무협약 체결
before,"[게시판] 과기정통부, 인공지능 윤리 확산 정책 세미나"
before,엔씨 '인공지능 그랜드챌린지'서 우승
before,[기술자들] 자동차 부품 산업과 만난 인공지능 융합 기술
before,"인공지능으로 제조혁신 한다!…UNIST, AI 노바투스 아카데미아 5기 모집"
before,"메타빌드 ""인공지능 기술로 제2도약""…소프트웨이브서 AI기술 총체 선보인다"
before,"한국 vs 가나, 무승부 예상…인공지능의 축구지능 떨어지네"
before,인공지능 기술을 클라우드컴퓨팅에 결합할 때 얻을 수 있는 효과
before,"스미다서점, '인공지능기반 관광 프로젝트 교재개발용역' 사업 선정"
before,"네이버-인공지능학회, ‘2022 추계 공동학술대회’ 개최"
before,전남의대 학생 유방암 구분 인공지능 모델 개발
before,"엔씨소프트, 국내 인공지능 챌린지 대회서 최종 1위"
before,인공지능 기술 활용한 태블릿 공부전용앱 ‘린트’ 출시
before,"한국IT직업전문학교 인공지능학과, 2023학년도 신입생 선발"
before,'인공지능이 그리는 수묵화' 행사 성황리 종료
before,"""인공지능, 걸음마 지나 달려야""…광주시, 국회에 국비지원 요청"
before,"“창원 청년, 인공지능·가상현실 일자리 관심”"
before,"엔씨소프트, '인공지능 그랜드 챌린지' 최종 우승"
before,"크리스탈지노믹스, 인공지능(AI) 기반 혁신신약 발굴 계약"
before,"서울대 연구진실성위원회 ""윤성로 연구팀 인공지능 논문 '표절'"""
before,국제 특허 경쟁 치열한 인공지능 챗봇…최근 10년간 출원 2배 늘어
before,"오강선 교수, 12월 CEO 대상 ‘인공지능과 함께 하는 세상’ 주제 강연"
before,"제나, '시각 인공지능을 활용한 디지털 헬스케어의 미래' 세미나 개최"
before,"NC, 인공지능 그랜드 챌린지 3차 대회서 우승"
before,"KT, 광운인공지능고와 청소년 디지털 인재 육성 협력"
before,"네이버-한국인공지능학회, 추계학술대회서 연구성과 공유"
before,"[AIS 2022-강연영상] NIPA 김득중 AI산업본부장, 국내·외 인공지능 산업 동향 및 지원사업에 대해"
before,"크리스탈지노믹스, 파미노젠과 '인공지능 기반 혁신신약 발굴' 맞손"
before,"네이버-한국인공지능학회, 추계학술대회서 연구성과 공유"
before,"[AIS 2022-강연영상] NIPA 김득중 AI산업본부장, 국내·외 인공지능 산업 동향 및 지원사업에 대해"
before,"충남도, ‘인공지능 추적시스템’으로 수배차량 추적·감시"
before,"광주시 교육·연구용 인공지능 고성능 컴퓨터, 세계 랭킹 178위 등재"
before,"엘솔루, 라이나생명 보이스봇에 인공지능 기반 STT 솔루션 공급"
before,항균 펩타이드도 인공지능 활용해 발굴…시간·비용 효율 높여
before,"엔씨소프트, 과기부 주최 ‘인공지능 그랜드 챌린지’ 3차 대회 우승"
before,파프리카 병‧충해 진단에 ‘인공지능’ 활용 기반 마련
before,"영국 맨체스터대학, 로봇및 인공지능 센터 개소"
before,"영국 맨체스터대학, 로봇및 인공지능 센터 개소"
before,"충남도, 인공지능 수배차량 추적시스템 도입"
before,현대제뉴인 인공지능 기술 경진대회
before,파프리카 병‧충해 진단에 ‘인공지능’ 활용 기반 마련
before,"LIG넥스원, 인공지능 기반 잠수함 사업 수주"
before,"시큐레이어, GUI 기반 인공지능 기술 특허 등록…Codeless AI 구현"
before,“버핏 따라잡는 인공지능”...투자 타이밍 적중한 TSMC 수익률 보니
before,"[AI 이슈] 한동대 정두희 교수팀, '인력 유출' 사전에 예측하는 인공지능 모델 개발"
before,인공지능이 예측한 카타르 월드컵 우승팀은 브라질
before,"충남도, ‘인공지능 추적시스템’ 도입...수배차량 추적·감시"
before,"ETRI, ""데이터‧네트워크‧인공지능 접목한 드론 개발"""
before,"주식회사 애드아이랩, 인공지능 공부전용 필기앱 린트(Rint) 론칭"
before,"“인공지능(AI), 이차전지 생산 가속화에 도움 줘”"
before,"1920년대 무성영화, 인간·인공지능 협업으로 재탄생"
before,"엔씨소프트, 과기부 '인공지능 그랜드 챌린지' 3차 대회 우승"
before,"메가스터디교육, 인공지능 연구기관 변신"
before,파프리카 병‧충해 진단에 '인공지능' 활용 기반 마련
before,"이스트소프트, 인공지능 그랜드 챌린지 시즌1 최종 우승"
before,"인공지능 챗봇 심심이, 서비스·제품에 상용가능한 기업 전용 '초거대 데이터 SDDLS-HS224' 출시"
before,"KB손보, 자동차보험 인공지능 자동심사 시스템 개발"
before,"엔씨소프트, 인공지능 그랜드 챌린지 3차 대회 우승"
before,"경기도교육청, 2022 인공지능 교육 성과 나눔회 개최"
before,"한림대의료원, 충수염 진단 정확도 89% 인공지능 모델 개발"
before,"KT-광운인공지능고등학교, 청소년 디지털 인재 육성 협력"
before,"인공지능 전문 기업 필드솔루션, 스마트워터 그리드 솔루션 개발"
before,"""'근전도 검사' 인공지능 판독, 의사보다 뛰어나"""
before,"[게임 단신] 엔씨소프트, '인공지능 그랜드 챌린지' 3차 대회 우승"
before,"네이버·한국인공지능학회, 2022 추계공동학술대회 개최"
before,"부산은행, 인공지능으로 19억원대 보이스피싱 거래 차단"
before,인공지능 새 여행시스템 구축에 무려 952개팀 도전
before,"부산은행, 인공지능으로 19억원대 보이스피싱 거래 차단"
before,인공지능 새 여행시스템 구축에 무려 952개팀 도전
before,"전남대 의학과 2학년 박재혁씨, 유방암 구분 인공지능 모델 개발"
before,"서울대, 윤성로 교수 연구팀 인공지능 논문 '표절' 인정"
before,"과기정통부, ‘인공지능 그랜드 챌린지’ 시즌1 시상식 개최"
before,"“인공지능, 미숙해도 너무 발달해도, 윤리문제 생길 수 있다”"
before,인공지능 국제 회의서 발언 듣는 푸틴 대통령
before,"인텔리시스, 초거대 인공지능(AI) 활용한 쇼핑몰 큐레이션 서비스 출시"
before,"그린씨에스, 사람과 인공지능 공존시대…'전문상담사 양성 매진'"
before,"[과학을읽다]인공지능은 브라질, 수학 모델은 벨기에?"
before,"[과학을읽다]인공지능은 브라질, 수학 모델은 벨기에?"
before,인공지능 여행 국제 회의서 연설하는 푸틴 대통령
before,"네이버-한국인공지능학회, '1784'서 '2022 추계 공동학술대회' 공동 개최"
before,"엔씨, 국내 최대 규모 인공지능 경진대회 우승"
before,"익산시, '인공지능 투명페트병 무인 회수기' 운영"
before,"식약처, 인공지능 의료기기 제품화 지원 사례 공유"
before,"와이즈넛 인공지능(AI) 챗봇, ‘차세대 세계일류상품’ 선정"
before,"KT-광운인공지능고등학교, 청소년 디지털 인재 육성 협력"
before,"융기원·AI사업단, 국가 인공지능 혁신 거점 조성 업무협약"
before,"사우디-아르헨티나, 승부처는 인공지능이었다"
before,"융기원·AI사업단, 국가 인공지능 혁신 거점 조성 업무협약"
before,"사우디-아르헨티나, 승부처는 인공지능이었다"
before,"인공지능 여행기업 누아, '후쿠오카 벤처마켓(FVM)' 참가"
before,"엔씨소프트, '인공지능 그랜드 챌린지' 3차 대회서 우승…""총 175팀·935명 참가"""
before,"""누구나 쉽게 인공지능 쓴다"" NHN, 2023년 'AI 민주화' 선언"
before,인공지능 윤리 확산 위한 공개 정책 세미나 열려
before,빅데이터 및 인공지능 기술 기반의 마테크 솔루션 전문 개발 기업
before,"엔씨소프트, 인공지능 그랜드 챌린지 최종 1위"
before,"KT-광운인공지능고등학교, 청소년 디지털 인재 육성 위해 협력"
before,"[게시판] SKT, 인공지능 인재육성 프로그램 'AI 펠로우십'"
before,"[게시판] SKT, 인공지능 인재육성 프로그램 'AI 펠로우십'"
before,"네이버·한국인공지능학회, '2022 추계 공동학술대회' 성료"
before,인공지능(AI) 의료영상 'AVIEW' 핵심 제품 전시
before,"KT-광운인공지능고등학교, 대한민국 미래 이끌 청소년 디지털 인재 육성 협력"
before,인공지능으로 항균 펩타이드 발굴
before,"이스트소프트, '인공지능 그랜드 챌린지' 시즌1 최종 우승"
before,"도로교통공단, 청소년 인공지능 경진대회 진행…""미래 모빌리티 인재 양성"""
before,"와이즈넛, 인공지능(AI) 챗봇 '차세대 세계일류상품' 선정"
before,"식약처, 인공지능 의료기기 제품화 지원 사례 공유 등 민원설명회 개최"
before,"SK텔레콤, IoT·인공지능 기술 활용 맨홀 내부 안전사고 예방"
before,"식약처, 인공지능 의료기기 제품화 지원 사례 공유 등 민원설명회 개최"
before,"SK텔레콤, IoT·인공지능 기술 활용 맨홀 내부 안전사고 예방"
before,"농진청, 파프리카 병충해 진단에 ‘인공지능’ 활용 기반 마련"
before,[전시] '인공지능이 그리는 수묵화' 행사 성황리 막 내려
before,인공지능 윤리·신뢰성 확보 위한 사회적 논의 확산
before,"KT, 광운인공지능고와 청소년 AI 인재양성 위해 맞손"
before,"안산대학교 인공지능소프트웨어학과, 졸업작품전 개최"
before,"엔씨소프트, 과기부 주최 '인공지능 그랜드 챌린지' 3차 대회 우승"
before,"네이버-인공지능학회, '2022 추계 공동학술대회' 성료"
before,"인천대 산업인공지능전문인력양성사업, 한국산업기술진흥원장상 수상"
before,"엔씨소프트, ‘인공지능 그랜드 챌린지’ 우승"
before,"인천대 산업인공지능전문인력양성사업, 한국산업기술진흥원장상 수상"
before,"네이버-한국인공지능학회, '2022 추가 공동학술대회' 개최"
before,"KT-광운인공지능고등학교, 청소년 디지털 인재 육성 협력"
before,"대전교육청, 인공지능활용 초등수학수업 지원시스템 보조교재 보급"
before,"'인공지능 챗봇' 국제 특허 및 시장 경쟁 치열... 최근 10년간 특허 출원 2배, 오는 2030년 4조 5639억원 시장으로"
before,세계 최고 인공지능이 예측했다…“우승은 브라질”
before,"목암생명과학연구소-차백신연구소, 인공지능 기반 신약 후보물질 발굴 협약"
before,"이달소 츄 ""초지능 인공지능 있다면, 다이어트에 도움될 듯"" (공상가들)"
before,"이스트소프트, 인공지능 그랜드 챌린지 시즌1 최종 우승"
before,"이달소 츄 ""초지능 인공지능 있다면, 다이어트에 도움될 듯"" (공상가들)"
before,"KT, 광운인공지능고등학교와 대한민국 청소년 AI 인재 양성 위해 협력"
before,"이스트소프트, 인공지능 그랜드 챌린지 시즌1 최종 우승"
before,"엔씨소프트, 국내 최대 규모 '인공지능 그랜드 챌린지' 우승"
before,[대한민국 인공지능 기업정보집]﻿ 아이지넷의 똑똑한 보험관리 앱 '보닥'
before,"인공지능 음악 추천서비스 ‘인디제이’, CES 2023 혁신상 수상"
before,KT 인공지능은 무엇이 다른가…'AI 풀스택' 가치에 쏠리는 눈
before,"크리스탈지노믹스, 파미노젠과 인공지능 기반 혁신신약 발굴 계약"
before,"크라우드웍스, '대한민국 인공지능대상' 데이터 부문 대상 수상"
before,"KT, 코웨이와 ‘스마트홈 동맹’…미래 인공지능 라이프 선도"
before,"KT, 코웨이와 ‘스마트홈 동맹’…미래 인공지능 라이프 선도"
before,"KT-광운인공지능고교, 청소년 AI인재 육성 협력"
before,"과기정통부, 인공지능 윤리 확산 위한 정책 세미나 개최"
before,"실내온도도 인공지능… SK쉴더스, '캡스 스마트냉난방' 출시"
before,"인공지능(AI)의 언어 인식기술, 발전 가속"
before,"네이버-한국인공지능학회, '2022 추계 공동학술대회' 개최"
before,"KB손보, 자동차보험 계약 인공지능으로 자동 심사 나선다"
before,"씽크포비엘, '신뢰할 수 있는 인공지능 개발 안내서' 제작"
before,"이스트소프트, 인공지능 그랜드 챌린지 시즌1 최종 우승... 3년 연속 장관상"
before,"[2022 카타르] ""우승은 브라질""..세계 최고 인공지능이 예측했다"
before,"이스트소프트, 인공지능 그랜드 챌린지 시즌1 최종 우승... 3년 연속 장관상"
before,"[2022 카타르] ""우승은 브라질""..세계 최고 인공지능이 예측했다"
before,"인공지능, AI 기반 모빌리티 기술혁신 방안 찾는다"
before,"테크빌교육, KT 'AI 코디니' 활용한 인공지능 정보 교육 라이브 연수 선 봬"
before,"뷰노, RSNA 2022에서 의료인공지능 솔루션 체험 전시 펼친다"
before,"인천대 산업인공지능전문인력양성사업, 2022 산학프로젝트 챌린지 한국산업기술진흥원장상 수상"
before,인공지능 활용 파프리카 병·충해 진단 기반 마련
before,"씽크포비엘, '신뢰할 수 있는 인공지능 개발 가이드' 제작"
before,"유영상 SKT 사장, 루마니아에 인공지능·5G·사이버 보안 등 ICT분야 협력 방안 제시"
before,"KT·광운인공지능고등학교, 청소년 디지털 인재 육성 협력"
before,"이스트소프트, '인공지능 그랜드 챌린지' 우승…""3년 연속 장관상 수상"""
before,"KT·광운인공지능고등학교, 청소년 디지털 인재 육성 협력"
before,"차백신연구소-목암생명과학연구소, 인공지능 기반 백신개발 공동연구"
before,"중앙대, 제26회 인공지능인문학 국내학술대회 개최"
before,"ABL생명, '인공지능 기반 보험사기예측시스템' 오픈"
before,"국내 XAI 대표 기업 '인이지', 설명가능한 인공지능 솔루션 日本 진출에 속도 낼 듯!"
before,"이스트소프트, 인공지능 그랜드 챌린지 시즌1 우승…3년 연속 장관상 수상 '쾌거'"
before,"서울대 컴퓨터공학부, 유전자 발현 조절 모델링 인공지능 기술개발"
before,"네이버, 인공지능학회와 ‘공동학술대회’ 개최… “AI 교류 확대”"
before,"하이퍼커넥트, EMNLP서 인공지능(AI) 챗봇 논문 발표"
before,"네이버, 인공지능학회와 ‘공동학술대회’ 개최… “AI 교류 확대”"
before,"하이퍼커넥트, EMNLP서 인공지능(AI) 챗봇 논문 발표"
before,"'2022 인공지능 그랜드 챌린지', 최종 우승팀 선정"
before,"태안군, 전자통신연구원과 인공지능 분야 실증체계 구축 협약"
before,"KT-광운인공지능고등학교, 대한민국 미래 이끌 청소년 디지털 인재 육성 협력"
before,"근전도 검사, 인공지능(AI)가 의사보다 정확하고 빨라"
before,"KB손보, 자동차보험 인공지능 자동심사 시스템 개발"
before,"인텔리시스, 광고 문구 창작하는 인공지능 서비스 '리스토리닷에이아이' 출시"
before,"근전도 검사, 인공지능 판독, 의사보다 뛰어나"
before,"조희연 교육감, 광운인공지능고등학교 방문"
before,"근전도 검사, 인공지능 판독, 의사보다 뛰어나"
before,"조희연 교육감, 광운인공지능고등학교 방문"
before,"인공지능산업융합사업단, 광주과학기술원에 구축된 교육·연구용 인공지능 고성능 컴퓨터 세계 슈퍼컴퓨터에 등재"
before,인공지능 및 HPC 워크로드에 특화된 델 파워엣지 신제품 대거 발표
before,"LGCNS 새 대표에 현신균, 현 데이터분석&인공지능 사업부장 부사장"
before,"고려대 KU 혁신 포럼 개최, ""인공지능시대의 대학 혁신과 인재양성"" 주제로"
before,"미래에셋증권, 연금 사업에 인공지능 활용"
before,"크리스탈지노믹스, 인공지능 기반 혁신신약 발굴 가속화...'파미노젠'과 루시넷 활용 공동개발 MOU체결"
before,"네이버-인공지능학회, '2022 추계 공동학술대회' 개최"
before,"LIG넥스원, 국방기술진흥연구소와 잠수함에 인공지능 적용 기술 개발한다"
before,"[2022 AI포럼] 이지형 교수 ""인공지능 시대, 조직과 방법론에 변화 필요해"""
before,"KT, 광운인공지능고등학교와 맞손...청소년 디지털 인재 육성"
before,"네이버, 인공지능 산학연 학술대회 개최 “실무-연구 교류장 마련”"
before,[기고] 인공지능 기반 홍수 예보로 ‘골든 타임’ 늘린다
before,‘인공지능 심판’ 개막전부터 ‘열일’
before,"씽크포비엘, 경험 기반 '신뢰할 수 있는 인공지능 개발 가이드' 제작"
before,[대한민국 인공지능 기업정보집] ﻿AI와 선생님이 함께 가르치는 온라인 과외 '밀당PT'
before,"CJ올리브네트웍스 인공지능, 시 창작 돕는다…시집 출간"
before,"익산시, '인공지능 투명페트병 무인 회수기' 운영"
before,4차 산업혁명 중심에 '인공지능'…AI와 결합 '융복합 특허' 10년간 41배↑
before,4차 산업혁명 중심에 '인공지능'…AI와 결합 '융복합 특허' 10년간 41배↑
before,"충남미래교육 ""희망, 두려움, 현재, 인공지능, 노력, 변화"""
before,"네이버, 한국인공지능학회 협업 '2022 추계 공동학술대회' 개최"
before,[이종호의 포스트 펜데믹 로드맵-62] 군사용 인공지능의 통제
before,"케이메디허브, 막 단백질‧약물 결합력 예측… 인공지능 모델 개발"
before,"인천대 산업인공지능전문인력양성사업, 2022 산학프로젝트 챌린지 한국산업기술진흥원장상 수상"
before,"[대한민국 인공지능 기업정보집] 팜킷, AI 기반 개인화 음식 추천 서비스 제공"
before,[대한민국 인공지능 기업정보집] ﻿머신러닝 기반 최적화 의사결정 솔루션 기업 '애자일소다'
before,"씨씨미디어서비스, 인공지능 학습용 데이터 '아이디어 해커톤' 개최"
before,인공지능이 추천하는 맞춤여행...관광공사 '여행콕콕'
before,"씨씨미디어서비스, 인공지능 학습용 데이터 '아이디어 해커톤' 개최"
before,인공지능이 추천하는 맞춤여행...관광공사 '여행콕콕'
before,파프리카 병‧충해 진단에 '인공지능' 활용...판별 정확도 90.6%
before,"UNIST ""금속 표면 가상 제조하는 인공지능 기술 개발"""
before,안산대 인공지능소프트웨어학과 졸업작품전 개최
before,[대한민국 인공지능 기업정보집] ﻿전문가 기반의 클라우드 챗봇 서비스 기업 '와이즈넛'
before,"의료진도 헷갈리는 피부암, '인공지능(AI) 솔루션'이 돕는다"
before,"네이버-한국인공지능학회 공동 개최한 ‘2022 추계 공동학술대회’, 성공리에 종료"
before,[정박사의 미래기술 읽기] 인공지능
before,중앙대 25일 인공지능인문학 학술대회…'AI 데이터 해석학' 논의
before,"중앙대, 25일 인공지능 인문학 학술대회 개최"
before,"'인공지능+α', 융복합 기술 특허 10년간 22배↑"
before,인공지능 윤리·신뢰성 확보를 위한 사회적 논의 확산된다
before,"LIG넥스원, 인공지능 기반 잠수함용 전투체계 임무지원시스템 통합자동화 사업 수주"
before,"유비엔, 인공지능 학습용 데이터 '아이디어 해커톤' 개최"
before,"유어라운드, 인공지능 버추얼 휴먼 '로미', '모아' 공개"
before,"네이버, 한국인공지능학회와 '추계 공동학술대회' 공동 개최"
before,"KT-광운인공지능고등학교, 청소년 AI 인재 양성 협력"
before,“카타르 월드컵 주인공은 ‘인공지능(AI)’”
before,"씽크포비엘, '신뢰할 수 있는 인공지능 개발 안내서' 제작"
before,“카타르 월드컵 주인공은 ‘인공지능(AI)’”
before,"씽크포비엘, '신뢰할 수 있는 인공지능 개발 안내서' 제작"
before,"네이버, 한국인공지능학회와 ‘2022 추계 공동학술대회’ 개최"
before,"통신업계는 ‘초거대 인공지능’ 전쟁 중…KT, ‘믿음’으로 참전"
before,'사후 교감' 기대…디지털 발자국 활용한 인공지능 기술 개발
before,"[기고] ""가열되는 MSP 시장 경쟁, 경쟁력은 '인공지능 RPA'가 될 것"""
before,"ABL생명, 인공지능(AI)으로 보험사기 막는다"
before,"이스트소프트, 인공지능 그랜드 챌린지 시즌1 최종 우승...3년 연속 장관상 수상 쾌거"
before,"인텔리시스, 초거대 인공지능 활용한 쇼핑몰 큐레이션 서비스 출시"
before,"NH농협은행, '인공지능 거버넌스' 구축 추진…대고객서비스 안정성 제고"
before,"ABL생명, '인공지능 보험사기예측시스템' 선보인다"
before,"KT-광운인공지능고등학교, 청소년 디지털 인재 육성 협력"
before,'인공지능이 그리는 수묵화' 행사 성황리 막 내려... 한국 전통 수묵화 데이터 공개 임박
before,"인공지능이 육아 상담·물류 혁신…KT ""초거대 AI, 일상에 스며들 것"""
before,"네이버-한국인공지능학회, 2022 추계 공동학술대회 개최"
before,"금속표면, 가상으로 만든다…UNIST 인공지능 기술 개발"
before,[2022 AI대상] 김영환 인공지능연구원장 “기술·시장 긍정…내년 더 많은 성과 기대”
before,“9명의 시인과 인공지능이 만났다”
before,"이스트소프트, '인공지능 그랜드 챌린지 시즌1' 최종 우승... 3년 연속 과기정통부 장관상 수상 쾌거"
before,"국내 XAI 대표 기업 '인이지', KAIST와 세계 최고 수준의 인공지능 의사결정 설명기술 개발"
before,"이스트소프트, '인공지능 그랜드 챌린지 시즌1' 최종 우승... 3년 연속 과기정통부 장관상 수상 쾌거"
before,"국내 XAI 대표 기업 '인이지', KAIST와 세계 최고 수준의 인공지능 의사결정 설명기술 개발"
before,"'의료 인공지능' 에이비스, '2022 디지털 이노베이션 대상' 수상"
before,"KT, 초거대 인공지능 '믿음' 상용화"
before,4차산업혁명 선도 인공지능·디지털헬스케어 특허출원 급증
before,"충남, 천안·아산에 인공지능 수배차량 추적시스템 도입"
before,"네이버, 인공지능학회와 '2022 추계 공동학술대회' 개최"
before,"ETRI, 美 공군연구소의 인공지능 '멀티 에이전트 강화학습' 알고리즘 개발"
before,"인공지능이 근전도 검사, 판독에서 의사보다 정확도와 속도에서 모두 뛰어났다!"
before,인공지능·영상제작·코딩·조각투자에 뭉칫돈…투자 행렬
before,"인공지능이 근전도 검사, 판독에서 의사보다 정확도와 속도에서 모두 뛰어났다!"
before,인공지능·영상제작·코딩·조각투자에 뭉칫돈…투자 행렬
before,"자동차보험 가입, 인공지능이 심사한다?... KB손해보험, '자동차보험 AI 자동 심사시스템' 적용"
before,"네이버, 한국인공지능학회와 ‘2022 추계 공동학술대회’ 공동 개최"
before,"부산대-씨젠의료재단,'진단기술 및 의료인공지능 개발연구' MOU"
before,인공지능 기반 경두개 집속 초음파 치료 보조 시스템 개발
before,"케이메디허브, 인공지능 기반 신약개발 모델 개발 학술지 논문 게재"
before,제3회 AI 인공지능 자격증 취득을 위한 대면 교육과정 선보이는 코리아리크루트
before,"음성인식 인공지능 예배플랫폼 ‘J-SEE’, 성도들 신앙 견인차 역할"
before,[현장에서] 스포츠에 스며든 인공지능
before,"네이버-한국인공지능학회, AI 글로벌 리더들과 교류 확대...'2022 추계 공동학술대회' 개최"
before,"시큐레이어, 인공지능으로 클라우드 효율성·보안성 제고"
before,"제나, ""시각 인공지능을 활용한 디지털 헬스케어의 미래"" 세미나 진행"
before,인공지능분야 실증체계 구축 `맞손'
before,의료 분야 등 ‘신뢰할 수 있는 인공지능 개발 안내서’ 나온다
before,"인공지능 실시간 도로 위험정보 서비스 스타트업 '다리소프트', 시리즈A 55억 투자 유치...기업가치 305억원으로 평가"
before,음악에 맞춰 춤추는 인공지능...댄스 생성 AI 등장
before,인공지능 기술로 故 유상철 감독 목소리 듣는다
before,"서울대 김선 교수팀, 유전자 발현 조절을 모델링하는 인공지능 기술 개발"
before,근시퇴행 위험성.. 인공지능으로 조기 예측 발판 마련
before,"서울대 김선 교수팀, 유전자 발현 조절을 모델링하는 인공지능 기술 개발"
before,근시퇴행 위험성.. 인공지능으로 조기 예측 발판 마련
before,"강원도, 전국 첫 ‘인공지능 진료도시’ 되나"
before,"조희연 교육감, 광운인공지능고등학교 방문"
before,인공지능 활용 맞춤형 여행추천 서비스 ‘여행콕콕’
before,"KT, 초거대 인공지능 ‘믿음’ 공개… 구현모 “산업·생활에 이식”"
before,인공지능 활용한 시집 출간
before,"충남도, 인공지능 수배차량 추적시스템 천안&아산에 도입해 연내 가동"
before,카타르 월드컵에선 인공지능이 '오프사이드' 잡아낸다
before,"유비엔, 인공지능 학습용 데이터 '아이디어 해커톤' 개최"
before,"아일리스, AI 바우처 지원사업으로 인공지능 공급 넓힌다"
before,인공지능+α…'융복합기술 특허' 10년간 22배 늘었다
before,"태안군·ETRI, 인공지능 실증체계 구축을 위한 업무협약 체결"
before,[카드] 5분 만에 인공지능이 유튜브 영상 '뚝딱'
before,인공지능 기술로 무성영화에 음(音)을 입히다
before,"씨씨미디어서비스, 인공지능 학습용 데이터 '아이디어 해커톤' 개최"
before,인공지능으로 1초만에 모든 근육 근전도 판독..19% 더 정확해
before,[대한민국 인공지능 기업정보집]﻿ 모두를 위한 통합 AI 최적화 기술 만든 ‘알고리즘랩스’
before,"﻿KAIST, ‘인공지능의 예측’ 근거 찾는 기술 개발"
before,인공지능시대 법관의 미래 모습
before,[모빌리티&스타트업] 인공지능으로 품질검사…AI 머신비전 플랫폼 '보다에이아이'
before,[대한민국 인공지능 기업정보집]﻿ 데이터 중심 고객 맞춤형 서비스 기업 ‘테스트웍스’
before,"롯데건설, 인공지능 활용 시각데이터 솔루션 개발"
before,"인텔리시스, 초거대 인공지능 활용한 쇼핑몰 큐레이션 서비스 출시"
before,인공지능이 합격진단에 복습까지…에듀윌 'Ai지니어스'
before,"중앙대, 제26회 인공지능인문학 국내학술대회 개최"
before,첨단 인공지능 기술을 태안에... 태안군-ETRI 업무협약
before,‘인공지능+α’ 융복합기술 4차 산업혁명 주도…특허출원 가파른 증가세
before,"대구가톨릭대, 인공지능 대학평가 최우수·국제요리경연대회 대상"
before,"NH농협은행, 인공지능 거버넌스 구축 추진…은행권 최초"
before,"""문장 30개로 인공지능 목소리 만든다""…KT, 마이AI보이스 출시"
before,"ABL생명 ""인공지능으로 보험사기 선제대응"""
before,[고려대 스타트업 2022] 이코노바이저 “경제학 날개 단 인공지능·빅데이터 기대하라”
before,[아무Tech]인류의 꿈 '생각하는 기계'…좌충우돌 발전한 인공지능
before,"NH농협은행, 인공지능 거버넌스 구축 추진"
before,"제나, '시각 인공지능 활용 디지털 헬스케어의 미래' 세미나 개최"
before,인공지능 모델 배포 6개월→4주...마키나락스 ML옵스 플랫폼
before,"충북교육청, LG CNS와 인공지능 기반 외국어교육 서비스 협력 협약"
before,"유비엔, 인공지능 학습용 데이터 '아이디어 해커톤' 개최"
before,“오프사이드 논란 끝”…센서·인공지능으로 잡는다
before,"중앙대, 25일 인공지능인문학 국내학술대회 개최"
before,"인공지능 사진 보정…SKT, 더 똑똑해진 '에이닷' 공개"
before,"씨씨미디어서비스, 인공지능 학습용 데이터 '아이디어 해커톤' 개최"
before,"롯데건설, 인공지능 활용한 시각데이터 솔루션 개발"
before,"제이엘케이-위뉴, 의료 인공지능 대중화 협력"
before,軍 '국방 인공지능 센터' 본격 설립 준비... 2024년 창설 목표
before,"KT, 인공지능(AI) 전략 발표"
before,"NH농협은행, '인공지능(AI) 거버넌스' 구축"
before,[대한민국 인공지능 기업정보집] 영상 합성 기술로 가상인간 창조한 ‘딥브레인AI’
before,SNS 활용 시각장애인용 AI(인공지능) 품질 개선
before,SNS 활용 시각장애인용 AI(인공지능) 품질 개선
before,"네이버, 한국인공지능학회와 '추계 공동학술대회' 개최…""AI 글로벌 리더들과 교류 확대"""
before,"ABL생명, 인공지능 기반 보험사기예측시스템 오픈"
before,"목암생명과학연구소 차백신연구소, 인공지능 기반 신약 공동개발 추진"
before,"KT, 차세대 인공지능 발전 전략 공개"
before,"[테크 Talk]""인공지능 도입하자""…AI 꽂힌 삼성·LG·SK"
before,클리노믹스 주가 돌연 휘파람... 폐암 조기진단 인공지능 알고리즘 뭘까?
before,"NHN데이터, 대구 인공지능 국제산업전 참여"
before,인공지능 농업용 로봇 '고고팜' BETA 페스티벌 2022 아이디어 톤 우수상 수상
before,"한컴케어링크, 국내 최초 '한국인칩' 활용... 인공지능 기반 개인 유전체 분석 서비스 제공"
before,인공지능 농업용 로봇 '고고팜' BETA 페스티벌 2022 아이디어 톤 우수상 수상
before,"한컴케어링크, 국내 최초 '한국인칩' 활용... 인공지능 기반 개인 유전체 분석 서비스 제공"
before,"㈜팜솔라, 인공지능 활용한 태양광 발전량 예측서비스 제공"
before,중앙대 제26회 인공지능인문학 국내학술대회 개최
before,"과기정통부 '인공지능 그랜드 챌린지' 시즌1, 엔씨소프트·이스트소프트·성균관대 최종 우승"
before,[특징주] 네이버 주가 하락···한국인공지능학회와 '추계 공동학술대회' 개최
before,"태안군, ETRI와 인공지능 실증체계 구축 나서"
before,인공지능이 추천하는 나만의 맞춤 여행지
before,"한국공대 이동현 교수팀, 녹조 예보 인공지능 개발"
before,"조희연 교육감, 광운인공지능고등학교 방문"
before,"조희연 교육감, 광운인공지능고등학교 방문"
before,KT 인공지능 발전 전략 밝히는 구현모 대표
before,"SKT, 인공지능 미래 인재 멘토링 'SKT AI펠로우십' 성료"
before,인공지능이 예측한 ‘한국:우루과이’ 카타르 월드컵 결과는?...통신3사 AI 대결
before,"충북교육청-LG CNS, 인공지능 기반 외국어교육 서비스 맞손"
before,"'극찬기업' 리모, 인공지능(AI) 기술로 간편해진 보행분석 솔루션 공개"
before,"중앙대, 25일 '인공지능인문학 학술대회' 개최"
before,"SK C&C의 인공지능 뇌출혈 영상솔루션, ASOCIO 헬스테크 어워드 수상"
before,[대한민국 인공지능 기업정보집] 폐기물 회수로봇으로 순환자원 생태계 조성한 ‘수퍼빈’
before,"LIG넥스원, 잠수함 인공지능 기술 사업자 선정"
before,[대한민국 인공지능 기업정보집] 폐기물 회수로봇으로 순환자원 생태계 조성한 ‘수퍼빈’
before,"LIG넥스원, 잠수함 인공지능 기술 사업자 선정"
before,KT 차세대 인공지능 전략 말하는 구현모 KT 대표
before,"네이버, 한국인공지능학회와 ‘2022 추계 공동학술대회’ 개최"
before,"클리노믹스, 인공지능이용 폐암 조기진단 개발 성공,...상용화 추진"
before,"KT, 초거대 AI 상용화… 인공지능 기반 디지털 전환 사업도 본격 추진"
before,"국산 인공지능, 24개 언어 구글 수준으로 인식한다"
before,"UNIST, 금속 표면 가상 제조 인공지능 기술 개발"
before,"인텔리시스, 초거대 인공지능(AI) 활용한 쇼핑몰 큐레이션 서비스 출시"
before,인공지능+α… ‘융복합기술 특허’ 10년간 22배 증가
before,"인텔리시스, 초거대 인공지능(AI) 활용한 쇼핑몰 큐레이션 서비스 출시"
before,인공지능+α… ‘융복합기술 특허’ 10년간 22배 증가
before,"인포보스, 유전체 인공지능 경진대회 개최... '효소 유전자, 아미노산 서열을 통한 EC Number 예측 위한'"
before,"LG CNS 2023년 임원인사, 데이터·인공지능 시대 실감...DATA&AI 사업부장, 신임 대표이사 CEO 선임"
before,"롯데건설, 건설현장 관리에 인공지능(AI) 활용"
before,문장 30개로 내 음성과 닮은 인공지능 목소리 만든다
before,"씨씨미디어서비스, 인공지능 학습용 데이터 '아이디어 해커톤' 개최"
before,"에듀윌, 인공지능 합격비서 'Ai지니어스' 운영"
before,태안군-ETRI '지역사회 인공지능 분야 실증체계 구축' 업무협약
before,차세대 인공지능 발전 방향 설명하는 KT 구현모 대표
before,차세대 인공지능 발전 방향 설명하는 KT 구현모 대표
before,고양이가 2년 내에 만성신장병에 걸릴 지 인공지능으로 예측한다
before,"테스트도 인공지능 시대로....키사이트, 자동화된 AI 기반 어플리케이션 테스트 제공"
before,KT 인공지능(AI) 전략 발표하는 구현모 대표
before,"KB손보 자동차보험, 인공지능이 가입 심사"
before,"국표원, '산업 인공지능 표준화 포럼' 총회 개최"
before,"중앙대, 제26회 인공지능인문학 국내학술대회 개최"
before,"LIG넥스원, 인공지능 기반 '잠수함 전투체계 임무지원시스템' 396억에 수주..'생존성과 전투력향상에 크게 기여할 것'"
before,"오티콘, 충전형 인공지능(AI) '에프삼백(F300)' 포함 新 정부지원보청기 론칭"
before,"태안군, 전자통신연구원과 인공지능 분야 실증체계 구축 협약"
before,"KB손보 자동차보험, 인공지능이 가입 심사"
before,"국표원, '산업 인공지능 표준화 포럼' 총회 개최"
before,"중앙대, 제26회 인공지능인문학 국내학술대회 개최"
before,"LIG넥스원, 인공지능 기반 '잠수함 전투체계 임무지원시스템' 396억에 수주..'생존성과 전투력향상에 크게 기여할 것'"
before,"오티콘, 충전형 인공지능(AI) '에프삼백(F300)' 포함 新 정부지원보청기 론칭"
before,"태안군, 전자통신연구원과 인공지능 분야 실증체계 구축 협약"
before,"""인공지능이 새로운 경험 제공할것"""
before,전시 '반디산책' 연계 프로그램 개최...인공지능과 증강현실 체험한다
before,성폭행 당하기 직전의 여성 구한 아이폰 인공지능 비서 '시리'
before,부산대-씨젠의료재단 '보건의료기술 개발/인공지능 공동연구/인재양성 협약' 체결
before,"씨씨미디어서비스, 인공지능 학습용 데이터 '아이디어 해커톤' 개최"
before,"대만인공지능연구소, 시놀로지 스토리지 아키텍처 채택... AI 혁신 추진 및 데이터 가치 발굴에 가속"
before,태안군 '지역사회 인공지능 분야 실증체계 구축 ETRI 업무협약식' 개최
before,"""인공지능의 경쟁력은 신뢰성""…산업 인공지능 표준화 포럼"
before,"NH농협은행, 은행권 최초 'AI(인공지능) 거버넌스' 구축 추진"
before,"네이버클라우드, 대규모 실내외 디지털 트윈 구현.하는 인공지능 기반 측위 API 'ARC eye' 출시"
before,"네이버, 한국인공지능학회와 공동학술대회…""AI 리더들과 교류 확대"""
before,융기원-AI사업단 '인공지능 산업 활성화' 협약
before,"""차세대 AI로 승부"" KT, 초거대 인공지능 '믿음' 상용화. 산업 혁신 수단 만든다"
before,"천안교육지원청, 인공지능·마주온 공모전 ‘대거 입상’"
before,"천안교육지원청, 인공지능·마주온 공모전 ‘대거 입상’"
before,맞춤형 알고리즘 쇼핑몰 '티헬스' 인공지능으로 제품 추천
before,부구욱 영산대 총장 “진리탐구가 인공지능 위기 극복의 열쇠”
before,"국민대 AI디자인학과, 인공지능 관련 작품 전시회 개최"
before,"충남 태안군, 지역사회 인공지능 분야 실증체계 구축위한 협약"
before,트랜스휴먼에 이어 인공지능? 다음 작품이 궁금해지는 <트랜스> 도내리 감독
before,"차세대융합기술연구원-인공지능융합사업단, 국가 'AI혁신거점조성' 위해 힘 모은다!"
before,'인공지능 기반 교수학습 지원'
before,"“4차 산업혁명 시대, 데이터·인공지능(AI) ‘지식재산화’해야…컨트롤타워 필요”"
before,"김주현 금융위원장, ""혁신성장펀드 15조원 조성해 반도체, 인공지능 등 신산업 중소·벤처기업 지원하고 유니콘으로 성장이끌 것!"""
before,인공지능에 진심인 KT 구현모 대표
before,"과기정통부-질병청, 데이터·인공지능 기반으로 방역정책 수립 지원"
before,"인공지능 기반 모빌리티 기술혁신 방안 찾는다... 24일, 광주전남연구원 'AI 전문가 포럼' 개최"
before,충북교육청·LG CNS '인공지능 외국어교육 서비스' 협약
before,국방 무인·로봇·인공지능 분야 전문 인력 양성 간담회
before,"네이버, 한국인공지능학회와 '2022 추계 공동학술대회' 개최..""AI 생태계 발전 기여"""
before,"영산대 부구욱 총장, “진리탐구가 인공지능 위기 극복의 열쇠”"
before,"태안군-ETRI, 지역사회 인공지능 분야 실증체계 구축 업무협약"
before,"KT ""대성엘텍 공장에 인공지능 서비스로봇 6대 공급"""
before,"KB손보, 자동차보험 인공지능 자동심사 시스템 개발"
before,KT “고객센터 넘어 육아상담·시니어 케어도 인공지능으로”
before,"중앙대, 인공지능인문학 국내학술대회 개최"
before,"KT, 광운인공지능고등학교와 청소년 디지털 인재 육성 협력 나선다"
before,"전북도교육청, ‘미래교육 해커톤 소프트웨어·인공지능 캠프’ 개최"
before,"에이아이프로, 인공지능 솔루션 강화 위한 첫 단계로 산학 협력 강화"
before,"융기원, 국가 인공지능 혁신 거점 조성을 위한 업무협약"
before,"리모, 경제TV '극찬기업'서 인공지능보행기술 선봬"
before,"롯데건설, 인공지능(AI) 활용한 시각데이터 솔루션 개발"
before,"연세대 ""윤경호 교수팀, 인공지능 기반 경두개 집속 초음파 치료 보조 시스템 개발"""
before,서울대 차세대융합기술연구원-인공지능산업융합사업단 국가 인공지능 혁신 거점 조성을 위한 업무협약 체결
before,“인공지능 영어 선생님”
before,"KB국민은행, 인공지능 챗봇 서비스 전면 개편"
before,"삼성전자, 'C랩 스타트업 데모데이' 개최.. 인공지능·메타버스·웰니스 등 '22 졸업 20개사와 '23 선정 20개사는?"
before,"태안군, 사회서비스 분야 인공지능 실증체계 구축"
before,[위클리 리포트 102호] 당장 사용 가능한 전례 없는 인공지능 기술 등장… 이용자들 반응 폭발했다 (영상)
before,"동서대, 인공지능 활용 가상 드라마 상영"
before,인공지능 신약개발 교육 플랫폼 'LAIDD' 순항…현장전문가 키운다
before,대전시 인공지능 사업으로 '혁신 챔피언'됐다
before,"CJ올리브네트웍스, 인공지능 시 작성 도구로 집필한 시집 '9+i' 출간"
before,"충북교육청, 인공지능 기술 활용 교육 서비스 지원"
before,"충북교육청, 인공지능 기술 활용 교육 서비스 지원"
before,"롯데온, 댐 주변 지역 독거노인 위해 인공지능 스피커 기부"
before,"유진투자증권, 금융상품 설명에 인공지능 활용한다"
before,"""딥 러닝 등 인공지능 발전이 병리진단 분야 발전 가속화"""
before,"경기도교육청, 인공지능 프로그램 운영 등 디지털 격차 해소"
before,"SKT ""AI 컴퍼니로 도약"" 핵심사업에 인공지능 접목"
before,"“인공지능이 여행갈 곳, 콕 찝어드려요” 관광公 업뎃"
before,"롯데건설, 인공지능 활용 시각데이터 솔루션 개발"
before,"연세대 윤경호 교수팀, 인공지능 기반 경두개 집속 초음파 치료 보조 시스템 개발"
before,"부산벤처기업협회, 산업전문인력 인공지능 역량강화 사업 선정...기업 맞춤 디지털 인재 양성"
before,"SKT, 시각장애인 위한 '시각보조 인공지능 서비스' 고도화 나섰다"
before,"미국, 인공지능(AI)·기계학습(ML) 의료기기 시장 확장..국내 기업 기회"
before,"CJ·카이스트, 뇌 모방 인공지능 공동연구"
before,"한국공대 이동현 교수 연구팀, 설명 가능한 녹조 예보 인공지능 개발"
before,"국표원, 산업 인공지능 표준화 포럼"
before,"엔씨, 인공지능 논하는 ‘가장 인간적인 미래’ 출간"
before,충북 인공지능 기반 외국어 학습환경 조성 맞손
before,부구욱 영산대 총장 “진리탐구가 인공지능 위기 극복의 열쇠”
before,"우리금융, 데이터·인공지능 총괄조직 신설"
before,[DBR]‘AI 컴퍼니’ SKT “통신에 인공지능 더해 혁신 성장”
before,"충북교육청-LG CNS, 인공지능 기반 외국어교육 협약"
before,유전자 발현 조절 모델링하는 인공지능 개발
before,"'의료기기 커넥티비티' 글로벌 시장, 데이터 급증과 인공지능‧클라우드 적용으로...오는 '27년 11조 9천억원으로 가속!"
before,인공지능·SNS 두 날개로 40세 이상 시니어 재취업 응원
before,"동서대, 인공지능 시나리오·배우로 드라마 제작"
before,"국표원, '산업 인공지능 표준화 포럼' 총회 개최"
before,"""시인과 인공지능의 만남""…CJ올리브네트웍스, '9+i' 출간"
before,"유비엔, 인공지능 학습용 데이터 ‘아이디어 해커톤’ 개최"
before,"인공지능 스타트업 로민, 포스코ICT와 협력 파트너십 체결"
before,"SK C&C, 인공지능 솔루션 기술력 인정"
before,"인공지능 스타트업 로민, 포스코ICT와 협력 파트너십 체결"
before,"SK C&C, 인공지능 솔루션 기술력 인정"
before,인공지능+α… '융복합기술 특허' 10년간 22배 ↑
before,"정신건강질환 인공지능으로 '정신악화 시그널' 조기 예측...경희디지털헬스센터, 기분장애 환자 위한 AI모델 개발한다"
before,"인천대 산업인공지능전문인력양성사업, 한국산업기술진흥원장상 수상"
before,의료 인공지능(AI) 솔루션 보급·확산 사업자 선정
before,[ICT 시사용어]생성형 인공지능
before,"NHN데이터, 대구 인공지능 국제산업전 참여"
before,"대구가톨릭대, 산업계관점 대학평가 인공지능 분야에…AI빅데이터공학과 최우수학과로 선정"
before,[대박창업] 인공지능 초개인화 시대에 떠오르는 덕후 창업
before,"산업AI 스타트업 원프레딕트, '인공지능 예측진단 솔루션' 아람코 사우디 현지 호평 이어져"
before,2022년 산업 인공지능 표준화 포럼 총회
before,KT 차세대 인공지능 전략 말하는 구현모 KT 대표
before,"NH농협은행, '인공지능(AI) 거버넌스' 구축한다…""AI 윤리원칙 제정"""
before,"""인공지능이 기술혁신 기반"" 삼성전자 여섯번째 'AI포럼'"
before,"클리노믹스, 인공지능이용 폐암 조기진단 개발…상용화 추진"
before,"국립부경대, ‘지질자원데이터 활용·인공지능 경진대회’ 우수상"
before,"롯데건설, 인공지능 시각데이터 솔루션 개발"
before,"미, 인공지능(AI)/기계학습(ML) 의료기기시장 확장"
before,"중앙대학교 HK+인문콘텐츠연구소, ‘제26회 인공지능인문학 국내학술대회’ 25일 개최"
before,SCEWC 2022 인공지능(AI) 로봇 보는 관람객
before,"“바르셀로나, 드론·인공지능·빅데이터 활용해 도시재난 예방”"
before,인공지능 스피커 '알렉사'로 전 여친 스토킹·협박한 남성
before,[투데이 窓]경량화 인공지능과 오감 센서
before,"국민대, 인공지능 전문기업 인투와이즈와 산학협력 MOU 맺어"
before,서울아산병원 '이노베이션 챌린지' 개최...인공지능 등 긍정적 환자경험 위한 10년간의 혁신 과정 공개
before,"""고객 질문 인공지능이 답변""…KB국민은행, AI 챗봇 서비스 개편"
before,"로앤컴퍼니, 법률 인공지능 데이터셋 공개…“연구 활성화 목적”"
before,"식약처, 인공지능 의료기기 국제 규제조화 선도"
before,"빅밸류 '인공지능시세', 금융위 규제 개선 도입 이래 최초 승인"
before,"대구시, 대한민국 ICT융합 엑스포 & 인공지능 국제산업전 성료"
before,"OKIT(오킷), 인공지능 지오태깅 신규 기능 업데이트"
before,경남교육청 '미래교육 인공지능 공개토론회' 서울서 개최
before,인공지능으로 금속 표면 가상으로 만드는 기술 개발
before,"국립광주과학관, 제1회 인공지능오딧세이 포럼 '성료'"
before,"융기원-AI사업단, 국가 인공지능 혁신 거점 조성을 위한 업무협약 체결"
before,"전남교육청, 인공지능 활용 초등수학 수업 지원"
before,"KT, 인공지능 IPTV 관제 시스템 ‘닥터지니’ 상용화"
before,"영산대 부구욱 총장 ""진리탐구가 인공지능 위기 극복의 열쇠"""
before,[줌인IT] 인공지능 스타트업에는 왜 시각지능 분야가 많을까?
before,[줌인IT] 인공지능 스타트업에는 왜 시각지능 분야가 많을까?
before,"태안군, 인공지능기술 발전위해 ETRI와 업무협약"
before,SCEWC 2022 인공지능(AI) 공유 플랫폼 설명 듣는 관람객들
before,인공지능이 만든 시나리오에 가상 배우가 주연한 '미스터리 A양'
before,"롯데건설, 인공지능(AI) 활용한 시각데이터 솔루션 개발"
before,"영산대 부구욱 총장, “진리탐구가 인공지능 위기 극복의 열쇠”"
before,"충북교육청, LG CNS와 인공지능 기반 외국어교육 서비스 업무협약 체결"
before,'인공지능으로 1대1 과외'…영어 독해 교육형 AI기술 개발
before,"KT-대성엘텍, 인공지능·디지털 전환 분야 협력"
before,"중앙대, '인공지능 데이터 해석학' 이슈와 데이터 활용 논의...AI인문학 국내학술대회 개최"
before,"인공지능 ‘알렉사’도 시험대…아마존, 비용 절감 노력 가속"
before,"""인공지능 경쟁력은 신뢰성…믿을만한 표준 필요"""
before,"KT 구현모 대표, 세계에서 통할 인공지능 위한... '초거대 AI 상용화·AI 인프라 혁신·AI 미래 인재 양성' 제시"
before,"한국공대 이동현 교수 연구팀, 설명 가능한 녹조 예보 인공지능 개발"
before,"[길 잃은 고졸 취업-中] 인공지능·전기차, 생존 몸부림 치는 특성화고"
before,"씨씨미디어서비스, 인공지능 학습용 데이터 ‘아이디어 해커톤’ 개최"
before,"동서대, ‘인공지능 시나리오, 가상 디지털 배우’ 드라마 상영"
before,AI 창작물 도용 논란에...인공지능 창작권 인정 논의 '급부상'
before,"SK텔레콤 인공지능으로 사진 보정까지, 더 똑똑해진 에이닷 공개"
before,기업맞춤 AI금융전문 인공지능 컨설팅 기업 ‘AI케이허브’ 눈길
before,"롯데건설, 건설현장 관리에 인공지능 활용"
before,"경기도와 서울대 차세대융합기술연구원, '인공지능 산업 활성화 위해 인공지능산업융합사업단' 업무협약"
before,"AI에 진심인 LG, 국내 최초 체험형 인공지능 교육기관 짓는다"
before,"비즈데이터, 에이치코비와 인공지능 기반 환경·에너지 신서비스 개발한다"
before,"부경대, 지질자원데이터 활용 및 인공지능 경진대회 우수상"
before,"추경호 경제부총리, 미디어·콘텐츠 산업 경쟁력 위해 ""인공지능 기반 영상 변환 등 핵심 기술에 정책적 지원한다"""
before,[정박사의 미래기술 읽기] 인공지능
before,"우리금융 DI기획부 신설, 데이터통합과 인공지능사업 총괄"
before,데이터·인공지능 기반으로 방역정책 수립 지원한다
before,[Opinion] 내돈내산 인공지능이 가출한다면 [문화 전반]
before,"NHN 데이터, 대구 인공지능 국제산업전 참여…이커머스 빅데이터 분석 노하우 공유"
before,"유진투자증권, 금융상품 설명에 인공지능 활용...""불안전판매 예방"""
before,"클리노믹스, 인공지능이용 폐암 조기진단 개발 성공...""폐암 환자 분류 성능 정확도 98% 달성"""
before,"이스트소프트·게티이미지코리아 ""인공지능 이미지 생성 협력"""
before,"롯데건설, 인공지능(AI) 활용한 시각데이터 솔루션 개발"
before,[교육소식]국립광주과학관 제1회 인공지능오딧세이 포럼 등
before,"LG전자, 인공지능 플랫폼 도입…전장사업 성장 '가속'"
before,"인공지능 시대, 실무형 인재를 양성하다"
before,"한국공학대학교(한국공대), 이동현 교수 연구팀 설명 가능한 녹조 예보 인공지능 개발"
before,"비앤빛 강남밝은세상안과, 근시 퇴행 인공지능 연구 독일 SCI급 상위 안과학회지 표지 채택"
before,"차세대융합기술연구원-인공지능산업융합사업단, 국가 인공지능 혁신 거점 조성 위한 업무협약 체결"
before,"강기정 광주광역시장 ""이스라엘과 인공지능(AI) 산업 협력 물꼬"""
before,민선8기 광주시 인공지능 기업유치 0건…AI사업 후퇴 우려
before,'3분이면 끝' 인공지능이 기업재무분석…'아이씨' 출시
before,포항제철고 AI융합 동아리 '인공지능 페스티벌'
before,한국공대 이동현 교수 연구팀 '설명 가능한 녹조 예보 인공지능' 개발
before,"태안군-한국전자통신연구원, 첨단인공지능 분야 실증체계 구축 업무 '맞손'"
before,"셀리온, '인공지능 DC 카본 매트' 전용 세탁망 출시"
before,"동서대, 인공지능 시나리오와 가상 디지털 배우를 활용한 드라마 상영"
before,"박외진 아크릴 대표 ""인공지능 병원 시장 '글로벌 톱5' 목표"""
before,"삼성전자, 6번째 ‘AI 포럼’ 개최…한종희 “인공지능은 기술혁신 기반”"
before,"KT-대성엘텍, 인공지능·디지털 전환 업무협약…AI 서비스로봇 공급"
before,CJ·KAIST '뇌 모방 인공지능' 공동 연구
before,“인공지능 영어 선생님”…‘일대일 학습’ 가능
before,"롯데건설, 인공지능(AI) 활용한 시각데이터 솔루션 개발"
before,"'모바일 인공지능 시대 열어' 퀄컴, 스냅드래곤8 2세대 발표...이전 세대보다 AI 성능 4.35배 향상"
before,"충북교육연구정보원, 인공지능 기반 교수학습 지원을 위한 업무협약 체결"
before,"“인공지능(AI) 서비스, 멘탈모델 변화 분석이 기본돼야”"
before,인공지능 기술 특허출원 10년간 연평균 41% 증가
before,"365mc, 인공지능 지방흡입 '메일 시스템' 콘퍼런스 개최"
before,"롯데건설, 인공지능 활용한 시각데이터 솔루션 개발"
before,"365mc, 인공지능 지방흡입 '메일 시스템' 콘퍼런스 개최"
before,"아주대 인공지능 사업단, 미래의학 심포지엄 개최"
before,"NHN데이터, 인공지능 국제산업전에서 이커머스 빅데이터 분석 노하우 공유"
before,"CJ, 카이스트와 '뇌 모방 인공지능' 공동연구 MOU"
before,학대 피해 노인 사후 관리에 인공지능 기술 활용
before,"이통업계, 인공지능(AI)에 푹 빠졌다…초거대 AI 등 KT 차세대 기술 '눈길'"
before,인공지능 비서 ‘알렉사’도 다이어트 하나
before,"""위험한 일 척척""...현대건설, 건설현장 인공지능 로봇 도입"
before,"서울시교육청- LG디스커버리랩 서울, 인공지능 교육 활성화 위해 맞손"
before,"한국인공지능협회·육군본부, 인터마인즈·심심이와 함께 '육군 인공지능 발전 정책·기술 설명회' 개최"
before,"""인공지능 경쟁력은 신뢰성… 표준화로 해결한다"""
before,"롯데건설, 인공지능 활용한 시각데이터 솔루션 개발 완료"
before,"유진투자증권, 인공지능(AI) 금융상품 설명 시스템 도입"
before,충북교육청 LG CNS와 인공지능기반 외국어교육서비스 업무협약 체결
before,"충남도, 인공지능 수산물 생산 시대 앞당긴다"
before,"윤송이 엔씨소프트 CSO, 인공지능 비전 담은 '가장 인간적인 미래' 출간"
before,"인공지능 기반 체형분석‧운동처방 서비스 ""히트 예감"""
before,"SKT, 인공지능 앱 '에이닷'에 포토 기능 추가"
before,"서울시교육청ㆍLG디스커버리랩 서울, 청소년 인공지능 교육 박차"
before,"서울시교육청ㆍLG디스커버리랩 서울, 청소년 인공지능 교육 박차"
before,더 똑똑해진 인공지능 에이닷...사진 보정에서 심리테스트까지
before,"경기도 초중고 263학급, 소프트웨어·인공지능 프로그램 운영"
before,의료인공지능(AI) 업체 난립…클라리파이 행보 주목
before,"KT에스테이트, 공간 유형별 인공지능 기반 서비스 로봇 적용...부동산 DX 선도한다"
before,"국민대-인투와이즈, 산학협력 MOU 체결... “인투와이즈의 인공지능 플랫폼·솔루션 기술, 국민대의 우수 인재 활용해 발전 모색”"
before,"“시인과 인공지능의 만남”…CJ올리브네트웍스, 시집 <9+i> 출간"
before,"와이즈넛, 인공지능 챗봇·검색 SW 시장 리드"
before,"인간성 위협하는 초인공지능, 대안은 무엇인가"
before,"부천시, 인공지능 신호제어로 시민들 출퇴근 시간 줄여"
before,"경기도교육청, 학생 디지털격차 줄이기에 노력 박차...“인공지능 프로그램 운영”"
before,"하나금융그룹-SK텔레콤-SK스퀘어, 인공지능·데이터 등을 활용한 혁신 사업 추진과 ICT금융 혁신 나선다"
before,"롯데건설, 인공지능(AI) 활용한 시각데이터 솔루션 개발"
before,"“CJ, 카이스트와 손 잡다”...뇌 모방 인공지능 연구 MOU 체결"
before,"광주시, 이스라엘과 인공지능 산업 협력 물꼬"
before,"한국IT직업전문학교 인공지능학과, 수능 후 2023학년도 신입생 선발"
before,'2022 대한민국 ICT융합 엑스포 & 인공지능 국제산업전' 성황리 폐막
before,인파 속 적군 찾아내는 ‘인공지능’ 국내 독자 개발
before,"국립광주과학관, 인공지능오딧세이 포럼 개최"
before,'인공지능 CFO'가 기업 재무분석 한다
before,"국립광주과학관, 인공지능오딧세이 포럼 개최"
before,'인공지능 CFO'가 기업 재무분석 한다
before,"SK텔레콤 '인공지능 기업' 목표, 유영상 2026년 기업가치 4배로 키운다"
before,"KT-대성엘텍, 인공지능·디지털 전환 분야 협력"
before,"충북교육연구정보원, 인공지능 기반 교수학습 지원 업무협약 체결"
before,"마이크로소프트-엔비디아, 세계에서 가장 강력한 클라우드 인공지능 슈퍼컴퓨팅 구현한다"
before,"CJ AI센터-카이스트, 뇌 모방 인공지능 공동연구 진행"
before,다양성·포용성 위한 인공지능 가능한가…제3회 유네스코 토크
before,"전남대, 지질자원 데이터활용 및 인공지능 경진대회 수상"
before,"윤송이 엔씨소프트 CSO, ‘인공지능 윤리·철학’ 쟁점 엮은 책 펴내"
before,"윤송이 엔씨소프트 CSO, ‘인공지능 윤리·철학’ 쟁점 엮은 책 펴내"
before,"전문가들 ""인공지능 교육플랫폼 '아이톡톡' 활용가치 높다"""
before,"현대건설, 인공지능 무인로봇 '스팟' 건설현장 투입"
before,"KT-대성엘텍, 인공지능·디지털 전환 분야 협력"
before,'2022 대한민국 ICT융합 엑스포 & 인공지능 국제산업전' 성황리 폐막
before,"인공지능 성우 코난보이스, 모바일 플랫폼 신규 오픈"
before,"노인 건강 관리, 이제는 ‘인공지능 스피커’가 책임진다"
before,"경기도교육청, 소프트웨어ㆍ인공지능 교육과정 지원 프로그램 운영 나서"
before,"연세대학교 윤경호 교수팀, 인공지능 기반 경두개 집속 초음파 치료 보조 시스템 개발"
before,"화웨이, 5G 및 인공지능 기반 ‘스마트 광산’ 구축 가속"
before,"경기도교육청, 소프트웨어ㆍ인공지능 교육과정 지원 프로그램 운영 나서"
before,"연세대학교 윤경호 교수팀, 인공지능 기반 경두개 집속 초음파 치료 보조 시스템 개발"
before,"화웨이, 5G 및 인공지능 기반 ‘스마트 광산’ 구축 가속"
before,"NHN데이터, 대구 인공지능 국제산업전 참여"
before,외국어 독해 인공지능으로 쉽게 배운다
before,'정확도 99%' 인공지능이 질 좋은 감귤만 쏙
before,"롯데건설, 인공지능 기반 시각 데이터솔루션 개발…현장 생산성 높인다"
before,"동서대, 인공지능 시나리오에 가상 디지털 배우 드라마 상영"
before,대구시 '2022 대한민국 ICT융합 엑스포&인공지능 국제산업전'개막
before,"충북교육정보원·웅진씽크빅·클래스팅, 인공지능 기반 교수 학습 지원 협약 체결"
before,대구시 '2022 대한민국 ICT융합 엑스포&인공지능 국제산업전'개막
before,"충북교육정보원·웅진씽크빅·클래스팅, 인공지능 기반 교수 학습 지원 협약 체결"
before,CJ-카이스트 '뇌 모방 인공지능' 개발 MOU
before,[김장현의 테크와 사람]<16>수능 그리고 인공지능 시대
before,"강기정 광주시장, 이스라엘 대사 만나 인공지능 분야 협력 제안"
before,인공지능 기반 경두개 집속 초음파 치료 보조 시스템... '환자 맞춤형 정밀 치료' 실현
before,"ETRI, 대화형 인공지능 기술 개발"
before,"동서대, 인공지능 드라마 ‘미스터리 A양’ 상영회 개최"
before,"한국인공지능협회-육군본부, '육군 인공지능 발전 정책·사업 설명회' 개최"
before,"국표원, '2022년 산업 인공지능 표준화 포럼' 총회 개최"
before,"국표원, '2022년 산업 인공지능 표준화 포럼' 총회 개최"
before,"아크릴, 인공지능 병원 '나디아' 알린다…연례 행사 개최"
before,충북교육청-LG CNS 인공지능 외국어교육 '맞손'
before,"한국인공지능협회-육군본부, 인터마인즈·심심이와 '육군 인공지능 발전 정책·기술 설명회' 개최"
before,"인공지능 시대, 새로운 '테이터 전문직' 열풍"
before,"CJ AI센터, KAIST와 뇌 모방 인공지능 연구 협약 체결"
before,한림대 인공지능융합학부 재학생들 '대한디지털헬스학회 추계학술대회' 우수상 수상
before,"강동구, 인공지능 ‘AI 안부콜’로 위기가구 안부 꼼꼼 확인"
before,"""독해 가르치는 인공지능 선생님""...ETRI가 개발한 교육 AI '눈길'"
before,'2022 대한민국 ICT융합 엑스포'·'인공지능국제산업전' 9일 팡파르
before,"KT, 광운인공지능고와 ‘청소년 디지털 인재 육성’ 협력"
before,"경희대, '인공지능이 그리는 수묵화 展' 광화문광장에서 개최"
before,"인공지능이 미세균열 잡아…롯데건설, 시각데이터 솔루션 개발"
before,이제 재활용도 인공지능이 한다? 아무렇게나 버린 쓰레기 선별하는 로봇 [쥐니어스방위대]
before,전남교육청 인공지능 기반 '초등수학지원시스템' 내년부터 지원
before,인공지능 작가 교육과정 수강생 모집
before,"영산대 부구욱 총장 ""진리탐구가 인공지능 위기 극복의 열쇠"""
before,"에너지연구원, 인공지능 기반 공기질 향상 기술 상용화 시작"
before,"KT-대성엘텍, 인공지능·디지털 전환 분야 협력"
before,"현대건설, 인공지능 갖춘 무인로봇 ‘스팟’ 건설현장에 투입"
before,"'AI SEOUL 2022' 개막, ""디지털 전환 시대, 인공지능이 바꿀 서울의 모습은"""
before,[부경대 브리핑] 지질자원데이터 활용 및 인공지능 경진대회 우수상 등
before,"데이터쿡, 한국전자통신연구원과 인공지능 기반 게임영상분석 기술사업화 위한 협력의향서 체결"
before,박수기 “민선 8기 인공지능 기업 유치 성과 없어”
before,"현대건설, 현장에 인공지능 무인 안전 서비스 로봇 도입"
before,"인공지능이 썼고 디지털 배우가 출연하는 공포물 온다 … 동서대, ‘AI 시나리오’ 호러드라마 상영"
before,"롯데건설, 인공지능 활용한 시각데이터 솔루션 개발"
before,"국표원, 산업 인공지능 표준화 포럼...“AI 경쟁력은 신뢰성”"
before,"KT, 대성엘텍과 인공지능·디지털 전환 분야 협력"
before,"박수기 광주광역시의원, 인공지능 관련 기업유치 전담부서 부재 지적"
before,"박수기 광주광역시의원, 인공지능 관련 기업유치 전담부서 부재 지적"
before,"삼성전자, 제6회 '삼성 AI 포럼' 개최...인공지능 발전 방향 논의"
before,"대한민국 최초 인공지능 수묵화, ‘과기부와 중기부가 함께 만든다’"
before,"연세대학교 윤경호 교수팀, 인공지능 기반 경두개 집속 초음파 치료 보조 시스템 개발"
before,사이버 공격을 인공지능으로 대처하다
before,인공지능(AI)으로 사고걱정없이 노면전차는 달린다
before,"CJ AI센터-KAIST, ‘뇌 모방 인공지능’ 산학협력 체결"
before,인공지능 속이는 ‘이미지 교란’ 기술 방어법 개발
before,강기정 광주시장 “이스라엘과 인공지능(AI) 산업 협력 물꼬 터”
before,구글 인공지능의 작문 실력
before,"KB국민은행, 기존 인공지능 챗봇 서비스 'FCC 챗봇'으로 개편"
before,"KT 내년 한국형 인공지능 반도체 완성 목표, 구현모 ""초거대 AI 필요"""
before,중부권 병원협의체·네이버·네이버 클라우드 인공지능(AI)과 '맞손'
before,"총 5,420개팀 참가, '도전! K-스타트업 2022 왕중왕전' 수상 20팀에 상금 15억원 ...인공지능 기업 8개로 최다!"
before,"KT-대성엘텍, 인공지능·디지털 전환 분야 협력"
before,"NHN데이터, 대구 인공지능 국제산업전 참여"
before,"비앤빛 강남밝은세상안과 근시 퇴행 관련 인공지능 연구, 유명 안과학회지 표지 채택"
before,인공지능 CCTV로 범죄·사고로부터 시민 안전 지킨다
before,'AI 표준'으로 신뢰성 해결 나선다...'산업 인공지능 표준화 포럼'
before,"충남수산자원硏·타임게이트, 수산자원 인공지능 개발 협약"
before,"충남수산자원硏·타임게이트, 수산자원 인공지능 개발 협약"
before,"롯데건설, 인공지능 활용 시각데이터 솔루션 '크랙뷰어/스테이지' 개발"
before,"아크릴, '인공지능 병원을 말하다' 컨퍼런스 성료"
before,"국립광주과학관 인공지능오딧세이 포럼, '인공지능 시대의 미래직업' 성료"
before,'인공지능 챗봇'이 '정신건강의학과 전문의'와 만나면 환자에게 무슨 일이?...함병주 고려대의료원 의학연구처장에 듣는다!
before,"동서대, 인공지능 시나리오와 가상 디지털 배우를 활용한 드라마 상영"
before,"이젠 전담도 '인공지능'...KT&G '릴 에이블', ""기기 하나로 3가지 스틱"" 혁신"
before,"셀바스AI, 3분기 누적 매출 전년대비 16.5%상승한 '372억원' 달성...""인공지능 기업 중 유일한 성장"""
before,동서대 인공지능 시나리오/가상 디지털 배우 활용 드라마 상영 11일
before,"우리금융, 데이터·인공지능 역량 높인다"
before,"시큐레이어, SOC 인공지능 자생력 강화 돕는 AI 모델 자동 생성 기술 개발"
before,“드럼치고 수술하고”… 만능재주꾼 ‘인공지능·로봇’
before,[사이언스 인 미디어]인공지능(AI)이 낳은 아이 '레이즈드 바이 울브스'
before,"마크애니, 인공지능 기반 실종자 수색 솔루션 한달 간 시범 운영"
before,"롯데건설, 인공지능 기반 시각데이터 솔루션 개발로 생산성 품질 높인다"
before,"KT-대성엘텍, 인공지능·디지털 전환 분야 협력"
before,생산관리학회 학술대회...'운영관리 지능과 인공지능 다음세대' 주제
before,"美 해양대기청, 기후 연구·환경 모니터링 위한 인공지능 기반 '지구 프로토타입 디지털 트윈' 구축한다"
before,'2022 대한민국 ICT융합 엑스포'·'인공지능 국제산업전' 동시 개최
before,"유진투자증권, 금융상품 설명에 인공지능 도입한다"
before,"KT-대성엘텍, 인공지능·디지털 전환 분야 맞손"
before,롯데건설 인공지능 활용 시각데이터 솔루션 개발
before,'2022 대한민국 ICT융합 엑스포'·'인공지능 국제산업전' 동시 개최
before,"유진투자증권, 금융상품 설명에 인공지능 도입한다"
before,"아주대의료원, 의료 인공지능 분야 미래 비전 논의한 심포지엄 개최"
before,"인공지능 탑재된 '궐련형 전자담배' 나왔다...KT&G, '릴 에이블' 선보여!"
before,덱스콘 2022 개막...'국내외 인공지능·산업데이터 전문가 한 자리에'
before,인공지능 활용 해양재해 대응 관련 발표하는 김남훈 박사
before,"국표원, 2022년 산업 인공지능 표준화 포럼 총회 개최"
before,"충북교육청, LG CNS와 인공지능 기반 외국어교육 서비스 협력 협약"
before,인공지능 활용 해양재해 대응 관련 발표하는 김남훈 박사
before,"국표원, 2022년 산업 인공지능 표준화 포럼 총회 개최"
before,‘2022 대한민국 ICT융합 엑스포 & 인공지능 국제산업전’ 개막
before,"롯데건설, 인공지능 활용 시각데이터 솔루션 개발"
before,"충북교육청, LG CNS와 인공지능 기반 외국어교육 서비스 협력 협약"
before,"CJ·KAIST, 뇌 모방 인공지능 공동연구 MOU"
before,"LG전자 전장사업, 인공지능 더해 기획부터 양산까지 자동차 부품 품질 높인다"
before,"[아하 월드컵] 카타르의 인공지능 심판, ‘오프사이드’ 논란 끝낼까"
before,"충남교육청, 메타버스 기반 인공지능 수업 레시피 구축"
before,"영산대 부구욱 총장 ""진리탐구가 인공지능 위기 극복의 열쇠"""
before,"영산대 부구욱 총장 ""진리탐구가 인공지능 위기 극복의 열쇠"""
before,충남 ‘친환경 모빌리티 산업’… 인공지능 솔루션에서 해답을 찾다
before,부경대-한국멀티미디어학회 '인공지능과 미래융합기술 워크숍' 개최
before,"지쿠터, 티맥스 인공지능 연구소장 출신 정승화 CTO 영입"
before,"KT-대성엘텍, 인공지능·디지털 전환 분야 협력"
before,"강기정 광주시장, 주한 이스라엘 대사 만나 ""인공지능 산업 협력"""
before,"롯데건설, 인공지능(AI) 활용한 시각데이터 솔루션 개발"
before,"영산대 부구욱 총장 ""진리탐구가 인공지능 위기 극복의 열쇠"""
before,"경남교육청, 미래교육 인공지능 공개 토론회 개최"
before,"신뢰성 있는 인공지능(AI), 다수의 표준 체계 결합해야"
before,"신뢰성 있는 인공지능(AI), 다수의 표준 체계 결합해야"
before,"인공지능이 유전자 발현까지 조절 모델링한다!...서울대 김선 교수팀, 트랜스포머 기반 AI 모델 '크로모포머' 개발"
before,"KT-대성엘텍, 인공지능·디지털 전환 분야 협력"
before,"“시인과 인공지능의 만남”…CJ올리브네트웍스, AI 시인 시집 출간"
before,"대구시, ‘2022 대한민국 ICT융합 엑스포 & 인공지능 국제산업전’ 개막"
before,"동서대, 인공지능 시나리오와 가상 디지털 배우 활용한 드라마 상영"
before,"""의료인공지능 시대 도래해도 인공지능 의사 대체할 수 없어"""
before,"국립광주과학관, 제1회 인공지능오딧세이 포럼 개최"
before,인공지능 기술 표준 '때' 놓치지 말아야
before,"경기도교육청, 12월30일까지 263개 학급 SW·인공지능 프로그램 교육 나서"
before,"경기도교육청, 12월30일까지 263개 학급 SW·인공지능 프로그램 교육 나서"
before,보일스님이 들려주는 인공지능이야기 <30> 인공지능 햅틱 기술과 불교➁
before,'2022 대한민국 ICT융합 엑스포 & 인공지능 국제산업전' 개막
before,"마크애니, 인공지능 영상검색 및 이동경로 추적 솔루션 시범 운영"
before,"CJ그룹, KAIST와 ‘뇌 모방 인공지능’ 연구한다"
before,"홈세라, 인공지능 기술을 탑재한 에어로데이지S(AI-S) 미니건조기 출시"
before,"모제림, 인공지능(AI) 전문기업 아크릴과 업무협약 체결"
before,"스타키보청기, 인공지능 보청기 30일 무료체험 제공"
before,"LG표 전장사업, 인공지능 장착...성능 예측해주는 'AI 플랫폼' 개발"
before,"화웨이, 5G 및 인공지능 기반 스마트 광산 구축 가속"
before,"뇌 모방 인공지능?···KAIST·CJ, R&D 지향 '맞손'"
before,'정확도 99%' 인공지능이 질 좋은 감귤만 쏙
before,"퓨렌스, 녹취솔루션 인공지능 시스템 탑재…고객 니즈에 맞는 서비스 탄생"
before,"한국공대 이동현 교수 연구팀, 설명 가능한 녹조 예보 인공지능 개발"
before,"충남교육청, 인공지능 기초교과 직무 연수 실시"
before,"네이버·왓패드, 토론토대와 인공지능 연구 협력"
before,"안전 운항 필수, 해무 판별을 인공지능 CCTV로 신속하게 한다"
before,"대한민국 ICT융합 엑스포 & 인공지능 국제산업전, 9일 개막"
before,"대전시, 디지털 물산업 실증랩 18일 개소...인공지능 기반 상수도 혁신"
before,이성준 티헬스(T헬스) 대표 맞춤형 인공지능 쇼핑몰 런칭
after,"연료전지 표면 결함, 인공지능으로 실시간 검사한다"
after,"서울시, 민원 응대에 인공지능 본격 도입…챗GPT도 적용 예정"
after,"인공지능 경쟁 구글·MS 승자는?…""MS가 더 많은 카드 보유"""
after,119 출동길 따라 인공지능이 ‘녹색등’…“골든타임 지킨다”
after,"인공지능 주도 신약개발, 속도 높여 단기성과 축적해야"
after,카카오 투자 의료 인공지능(AI) 5개 업체 주목
after,"DX포럼, ‘ChatGPT 활용 사례로 보는 인공지능과 데이터의 미래’"
after,인공지능이 CT 분석해 COPD 위험 환자 찾아낸다
after,"천안시, '챗지피티와 인공지능' 시정 활용방안 모색"
after,"창의융합과학, 인공지능 코딩로봇 ‘탐봇’ 출시"
after,"[9층시사국] 우리가 인공지능에 올인한 이유, MS 부회장 인터뷰"
after,"방시혁 ""하이브의 다음 핵심전략은 인공지능"""
after,"인공지능 주도 신약개발, 속도 높여 단기성과 축적해야"
after,"볼보, 운전자 이해하는 인공지능 개발…‘코액션즈’에 투자"
after,"위메이드플레이 ""인공지능이 그린 게임 캐릭터 상용화 앞둬"""
after,"천안시, ‘챗GPT·인공지능’ 바람 ‘열풍’"
after,"방시혁 ""하이브 다음 핵심 전략은 인공 지능"""
after,"강원도, 인공지능 기반 산불 조기 감지·확산 예방 시스템 구축"
after,119 출동길 따라 인공지능이 ‘녹색등’…“골든타임 지킨다”
after,카카오 투자 의료 인공지능(AI) 5개 업체 주목
after,"드림인사이트 ""인공지능 광고 툴 DMAX, 크리테크 마중물"""
after,"엔비디아, 인공지능 환각 없애는 소프트웨어 개발"
after,광운대·서울과기대에 '국방 인공지능' 전문학과 개설
after,"김해시, 우회전 교통사고 예방 인공지능(AI) 스마트 시스템 구축"
after,[서초포럼] 인공지능 리걸테크 어디까지?
after,"기재부, 인공지능(AI) 기술·산업 혁신 등을 위한 민관 협력 강화"
after,"성준식 크래프톤 실장 ""인공지능 고도화로 게임 개발 활용 가능성 높아져"""
after,"양천구, 인공지능 챗GPT 교육으로 업무혁신 이끈다"
after,"한국투자신탁운용, 인공지능·반도체 산업 투자 기회 모색하는 세미나 개최"
after,"""가랑비 예보에 폭우""…인공지능으로 정확도 높인다"
after,"의료기기 인허가, 인공지능(AI) 기반 ‘소프트웨어’ 강세"
after,"풀무원, 인공지능 분석 시스템 정착...""AI가 소비자 니즈 파악"""
after,[NFF2023]장병탁 AI연구원장 '인공지능의 미래는?'
after,"[2023 게임포럼] ""인공지능, 낮은 노동강도로 게임의 질 높일 듯"""
after,스마트신호등·인공지능 돌봄서비스 있는 마을 8곳 더 생긴다
after,[NFF2023]인공지능 반도체 기술 소개하는 김현우 부사장
after,이화여대 대학원 인공지능융합전공 AI 선도 글로벌 기업 '엔비디아'와 협력
after,"후지쯔, 인공지능 플랫폼 '코즈치' 출시… ""개발 AI 기술 신속 분석 가능"""
after,"경기도, 생성형 인공지능·공공데이터 창업경진대회"
after,"[뷰파인더 너머] (108) 인공지능과 사진, 그리고 사진기자"
after,"구로구, 최신 인공지능 기술 '챗 GPT 교육' 운영"
after,"강원도, 인공지능으로 산불 대규모 확산 방지한다"
after,수많은 '헬스케어 인공지능(AI)' 대박 없다 왜?
after,"인공 지능시대, 아이의 미래 함께 준비해요"
after,"엑셈, 서울시 '인공지능 기반 빅데이터 서비스 플랫폼' 사업 성료"
after,"EDGC, 월드IT쇼에서 '인공지능 분산형 게놈 소셜 네트워크 서비스 선봬"
after,"인천시, 인공지능·빅데이터 등 첨단기술 기반 교통상황실 구축"
after,"스마트 신호등, 인공지능 돌봄 서비스가 우리 동네에 들어온다"
after,"인공지능을 반도체에 제대로 입히다 - 모빌린트[혁신, 스타트업을 만나다]"
after,"스마트신호등, 인공지능(AI) 돌봄서비스가 우리 동네에 들어온다"
after,"전 MS CIO가 생각하는 IT의 현재와 미래, 그리고 인공지능"
after,인공지능 기술·산업 혁신 등을 위한 민관 협력 강화한다
after,"인공지능산업융합사업단, AI 스타트업 상용화 돕는다"
after,"울산시립미술관, '인공지능 시대의 인간과 예술' 강연"
after,"SKT 인공지능 에이닷, 이루다 기술 장착...150억원 지분투자"
after,"주식회사 부다, 인공지능영상분석서비스사 '씨이랩'과 공동 프로모션을 위한 MOU 체결"
after,인공지능 운전 루틴… 7년만에 확 바뀐 신형 벤츠 'E-클래스'
after,"스마트인재개발원, 5월 개강 '인공지능·빅데이터 개발자 과정' 교육생 모집"
after,동의대 인공지능그랜드ICT연구센터 ‘ITRC 인재양성대전 2023’ 참가
after,"씨큐비스타, 인공지능 기반 차세대 네트워크 위협 헌팅 플랫폼(NDR) '패킷사이버 v2.0' 출시"
after,[NFF2023]인공지능의 미래는?
after,“전 세계가 주목하는 ‘인공지능산업밸리’ 조성… AI 산업 메카로 키울 것”
after,"광운대학교, 방위사업청 주관 국방 무인·로봇 및 인공지능 전문인력 양성을 위한 방위산업 계약학과 설치 협약식 체결"
after,"해양에너지, 인공지능 기반 전기방식 관제시스템 특허 등록"
after,"기품원, 인공지능(AI)·빅데이터연구 및 방위산업기술보호 등 인재 모집"
after,"[RSAC 2023] RSA CEO의 개회사, “인공지능 감독하는 것이 보안의 새 임무”"
after,[CEO 칼럼] 대화형 인공지능은 판도라의 상자인가?
after,"BGF복지재단, 경기도 특수학교 인공지능 교육 지원"
after,[다산칼럼] 인공지능 규제론에 도사린 위험
after,"일론 머스크, 인공지능 회사 'X.AI' 설립"
after,대화형 인공지능 챗봇 교육현장 활용 방안 포럼
after,'인공지능 시대' AI가 바라본 물류(택배)
after,전남도 '인공지능 스마트양식' 클러스터 조성 첫 삽
after,"KTL, 스위스 인공지능 기업과 산업 디지털 전환 '맞손'"
after,119 출동길 따라 인공지능이 ‘녹색등’…“골든타임 지킨다”
after,"인공지능의 발전과 함께 불거지는 문제, 우리는 어떻게 대처해야 할까?"
after,"국제미래학회, 챗GPT 인공지능 실용 전문가 교육 실시"
after,"KT, 인공지능 화물 중개∙운송 플랫폼 '브로캐리 2.0' 출시"
after,"""MS, 2019년부터 자체 인공지능 칩 개발…챗GPT 개발사와 협력"""
after,국민 10명 중 7명 “인공지능 활용 법률서비스 긍정적”
after,"[SWxAI] 눈 달린 AI ""기업 경리와 경영, 인공지능이 바꾼다"""
after,"강원도교육청 미래체육특수교육과, '대화형 인공지능 챗봇(챗GPT)' 교육현장 활용 방안 포럼 실시"
after,"강원도교육청, ‘대화형 인공지능 챗봇’ 교육현장 활용 방안 포럼"
after,인공지능 가속의 게임체인저로 떠오른 파네시아...CXL 기반 대규모 AI 가속 시스템 개발
after,"'어서와' 스위스 영재 패밀리, 인공지능과 함께 한 여행 준비"
after,인공지능
after,구글 인공지능 조직 통폐합...딥마인드 브레인 합쳤다
after,"인공지능산업융합사업단 ""AI 시제품 제작·서비스 상용화 지원합니다"""
after,인공지능 과거부터 미래까지 ‘한 눈에’
after,"성균관대, 모핑아이와 MOU…인공지능 융합교육 협력키로"
after,"﻿美 법무부·FTC 등 4개 기관, 챗GPT 포함 인공지능 편향성 규제 착수"
after,[25일 인천시 소식] 인공지능 지능형 교통체계 구축 등
after,서울시 “인공지능 활용 ‘정책 분석 시스템’ 구축”
after,"고려대학교 홍성회 교수 연구팀, 인공지능 딥러닝을 이용한 줄기세포 분석 AI 모델 개발"
after,10명 중 7명 “인공지능 활용한 법률서비스에 긍정적”
after,[지금은 기후위기] 인공지능·빅데이터로 기후재난 막는다
after,김해시 인공지능 보행자 사고 예방시스템 설치 [김해소식]
after,"""인공지능 때문에 7000여 소수 언어 빠르게 사라진다"""
after,"SK텔레콤, 골프 플랫폼에 인공지능 접목...골프존과 기술 협력"
after,페이스북 '메타 다음은 MetAI?' 저커버그 인공지능 투자 조롱거리 전락
after,"세계 10대 사망원인 중 3위, '만성폐쇄성폐질환' 인공지능이 CT 분석해 위험 환자 찾아낸다"
after,"강원도, 인공지능 기반 산불 조기감지 및 확산예방 실증사업 협약 체결"
after,"볼보, 인공지능 스타트업 ‘코액션즈’ 투자"
after,"울산시립미술관, '인공지능 시대의 인간과 예술' 강연"
after,"SKT 인공지능 에이닷, 이루다 기술 장착...150억원 지분투자"
after,"주식회사 부다, 인공지능영상분석서비스사 '씨이랩'과 공동 프로모션을 위한 MOU 체결"
after,인공지능 운전 루틴… 7년만에 확 바뀐 신형 벤츠 'E-클래스'
after,"스마트인재개발원, 5월 개강 '인공지능·빅데이터 개발자 과정' 교육생 모집"
after,"이화여자대학교 대학원 인공지능융합전공, AI 선도 글로벌 기업 '엔비디아'와 협력"
after,"부산빅데이터혁신센터, 디지털 전환 포럼 ‘인공지능과 데이터의 미래’ 개최"
after,"부산빅데이터혁신센터, 디지털 전환 포럼 ‘인공지능과 데이터의 미래’ 개최"
after,동의대 인공지능그랜드ICT연구센터 ‘ITRC 인재양성대전 2023’ 참가
after,"씨큐비스타, 인공지능 기반 차세대 네트워크 위협 헌팅 플랫폼(NDR) '패킷사이버 v2.0' 출시"
after,[NFF2023]인공지능의 미래는?
after,“전 세계가 주목하는 ‘인공지능산업밸리’ 조성… AI 산업 메카로 키울 것”
after,"광운대학교, 방위사업청 주관 국방 무인·로봇 및 인공지능 전문인력 양성을 위한 방위산업 계약학과 설치 협약식 체결"
after,"표준연, 연료전지 표면 결함 '매의 눈' 인공지능으로 실시간 검사 기술 개발"
after,"해양에너지, 인공지능 기반 전기방식 관제시스템 특허 등록"
after,인공지능 스타트업에 투자하는 볼보..인공지능에 안전 맡긴다!
after,"기품원, 인공지능(AI)·빅데이터연구 및 방위산업기술보호 등 인재 모집"
after,"기품원, 인공지능(AI)·빅데이터연구 및 방위산업기술보호 등 인재 모집"
after,"강원도, 인공지능 활용한 산불 탐지 사업 추진"
after,"[RSAC 2023] RSA CEO의 개회사, “인공지능 감독하는 것이 보안의 새 임무”"
after,"김해시, 보행자 교통사고 예방 인공지능(AI) 시스템 설치"
after,"동의대 인공지능그랜드ICT연구센터, ‘ITRC 인재양성대전’ 참가 우수 선정"
after,[CEO 칼럼] 대화형 인공지능은 판도라의 상자인가?
after,"BGF복지재단, 경기도 특수학교 인공지능 교육 지원"
after,"해양에너지, 인공지능 기반 전기방식 관제시스템 특허 출원"
after,"볼보, 차세대 안전 위해 인공지능 스타트업 '코액션즈' 투자"
after,[다산칼럼] 인공지능 규제론에 도사린 위험
after,[다산칼럼] 인공지능 규제론에 도사린 위험
after,"일론 머스크, 인공지능 회사 'X.AI' 설립"
after,대화형 인공지능 챗봇 교육현장 활용 방안 포럼
after,"서울아산병원 이세원·김남국 교수팀, '만성폐쇄성폐질환' CT·폐기능 검사 결과 학습해 폐기능 예측 인공지능 개발"
after,"볼보, 차세대 안전기술 개발한다… 인공지능 스타트업에 투자"
after,"인천시, 인공지능·빅데이터 등 첨단 기술 기반 교통상황실 구축"
after,"엑셈, 서울시 '인공지능 기반 빅데이터 서비스 플랫폼' 2단계 사업 성료"
after,'인공지능 시대' AI가 바라본 물류(택배)
after,전남도 '인공지능 스마트양식' 클러스터 조성 첫 삽
after,"KTL, 스위스 인공지능 기업과 산업 디지털 전환 '맞손'"
after,"강원도교육청, 대화형 인공지능 챗봇 교육현장 적용 포럼 개최"
after,"KTL, 스위스 인공지능 기업과 산업 디지털 전환 '맞손'"
after,"서울아산병원 연구팀, CT 검사만으로 폐 기능 예측 인공지능 개발"
after,"﻿강원도, 인공지능(AI)기반 산불 조기감지 및 확산예방 실증사업 협약 체결"
after,119 출동길 따라 인공지능이 ‘녹색등’…“골든타임 지킨다”
after,"인공지능의 발전과 함께 불거지는 문제, 우리는 어떻게 대처해야 할까?"
after,"국제미래학회, 챗GPT 인공지능 실용 전문가 교육 실시"
after,"KT, 인공지능 화물 중개∙운송 플랫폼 '브로캐리 2.0' 출시"
after,"""MS, 2019년부터 자체 인공지능 칩 개발…챗GPT 개발사와 협력"""
after,"위메이드플레이 ""인공지능 그림 게임 내 탑재"""
after,"볼보, 인공지능 스타트업 '코액션즈'에 투자…""차세대 안전 기술 확보"""
after,국민 10명 중 7명 “인공지능 활용 법률서비스 긍정적”
after,동의대 인공지능그랜드ICT연구센터 'ITRC 인재양성대전 2023' 참가
after,국제미래학회 '챗GPT 인공지능 실용 전문가' 과정 성료
after,"[SWxAI] 눈 달린 AI ""기업 경리와 경영, 인공지능이 바꾼다"""
after,"강원도교육청 미래체육특수교육과, '대화형 인공지능 챗봇(챗GPT)' 교육현장 활용 방안 포럼 실시"
after,"BGF, 특수학교 학생 위한 인공지능 학습 자료 지원금 2천만원 기부"
after,"강원도, 인공지능(AI)기반 산불 조기감지 및 확산예방 실증 협약 체결"
after,"강원도교육청, ‘대화형 인공지능 챗봇’ 교육현장 활용 방안 포럼"
after,"KTL, 스위스 인공지능 기업과 산업 디지털 전환 '맞손'"
after,"KTL, 스위스 인공지능 기업과 산업 디지털 전환 '맞손'"
after,인공지능 가속의 게임체인저로 떠오른 파네시아...CXL 기반 대규모 AI 가속 시스템 개발
after,"경기도, 생성형 인공지능·공공데이터 활용 창업경진대회 개최"
after,"'어서와' 스위스 영재 패밀리, 인공지능과 함께 한 여행 준비"
after,인공지능
after,"기품원, 인공지능(AI)·빅데이터연구. 방위산업기술보호 분야 인재 모집"
after,구글 인공지능 조직 통폐합...딥마인드 브레인 합쳤다
after,"인공지능산업융합사업단 ""AI 시제품 제작·서비스 상용화 지원합니다"""
after,인공지능 과거부터 미래까지 ‘한 눈에’
after,"성균관대, 모핑아이와 MOU…인공지능 융합교육 협력키로"
after,"성균관대, 모핑아이와 MOU…인공지능 융합교육 협력키로"
after,"KTL, 유럽 인공지능 스타트업과 시험인증 협력"
after,"인천시, 인공지능·빅데이터 등 첨단기술 기반 교통상황실 개소"
after,"강원도, 200여 대 산불감시 CCTV에 인공지능 적용"
after,"﻿美 법무부·FTC 등 4개 기관, 챗GPT 포함 인공지능 편향성 규제 착수"
after,"경기도, 생성형 인공지능 공공데이터 활용 창업경진대회 참여자 모집"
after,"볼보차, 안전기술 강화 인공지능 스타트업 '코액션즈'에 투자"
after,[25일 인천시 소식] 인공지능 지능형 교통체계 구축 등
after,부산 동의대 인공지능그랜드ICT연구센터 ‘ITRC 인재양성대전 2023’ 참가
after,서울시 “인공지능 활용 ‘정책 분석 시스템’ 구축”
after,"인천시, 인공지능·빅데이터 등 첨단기술 기반 교통상황실 구축"
after,강원도 “인공지능 기반 산불 조기 감지 시스템 구축”···30억원 들여 영상분석시스템을 개발
after,서울시 “인공지능 활용 ‘정책 분석 시스템’ 구축”
after,"고려대학교 홍성회 교수 연구팀, 인공지능 딥러닝을 이용한 줄기세포 분석 AI 모델 개발"
after,10명 중 7명 “인공지능 활용한 법률서비스에 긍정적”
after,"BGF복지재단, 경기도 특수학교 인공지능 교육 지원"
after,[지금은 기후위기] 인공지능·빅데이터로 기후재난 막는다
after,김해시 인공지능 보행자 사고 예방시스템 설치 [김해소식]
after,"""인공지능 때문에 7000여 소수 언어 빠르게 사라진다"""
after,"SK텔레콤, 골프 플랫폼에 인공지능 접목...골프존과 기술 협력"
after,"볼보자동차, 글로벌 인공지능 스타트업 '코액션즈' 투자 단행"
after,페이스북 '메타 다음은 MetAI?' 저커버그 인공지능 투자 조롱거리 전락
after,"경기도, ‘생성형 인공지능·공공데이터 활용 창업경진대회’ 참여작 모집"
after,AI면 택시운전도 거뜬!…장애인 취업 돕는 인공지능 기술
after,"KTL, 스위스 시험인증기관과 산업 인공지능 기술협력 강화"
after,"인천시, 인공지능·빅데이터 등 첨단기술 기반 교통상황실 구축"
after,"해양에너지, 인공지능 기반 전기방식 관제시스템 특허 출원"
after,국내 최초 ‘챗GPT 인공지능 실용 전문가’ 1기 과정 성료
after,박윤규 과기정통부 2차관이 '인공지능기본법' 챙기는 이유
after,[ET단상]인공지능 칩의 발전방향
after,"해양에너지, 인공지능 기반 전기방식 관제시스템 특허 출원"
after,국내 최초 ‘챗GPT 인공지능 실용 전문가’ 1기 과정 성료
after,박윤규 과기정통부 2차관이 '인공지능기본법' 챙기는 이유
after,"경기도, ‘생성형 인공지능·공공데이터 활용 창업경진대회’ 참여작 모집"
after,[ET단상]인공지능 칩의 발전방향
after,"제천시농촌협약지원센터, '인공지능 시대 데이터 분석역량 강화' 특강"
after,"볼보자동차, 차세대 안전 기술 위해 '인공지능 스타트업'에 투자"
after,"BGF복지재단, 경기도 특수학교 인공지능 교육 지원"
after,"[이런생각]""내가 찍은 사진이 아닙니다""-인공지능과 익명"
after,"인비즈, 홍콩 텐문 공립병원에 '인공지능 클라우드 케어' 수출"
after,"볼보차, 미래 안전기술 인공지능 스타트업 '코액션즈' 투자"
after,"인비즈, 홍콩 텐문 공립병원에 '인공지능 클라우드 케어' 수출"
after,"BGF복지재단, 경기도 특수학교 인공지능 교육 지원"
after,"양천구, 인공지능 챗GPT 교육으로 업무혁신 제고"
after,"딥노이드, 인공지능 X-ray 보안솔루션 코리아 나라장터 엑스포 참가"
after,"엑셈, 서울시 '인공지능 기반 빅데이터 서비스 플랫폼 2단계' 사업 구축 완료"
after,"일론 머스크, 인공지능 회사 ‘X.AI’ 설립…‘챗GPT’ 견제 나서나"
after,"경기도, '인공지능·공공데이터 창업경진대회' 개최"
after,"컴투버스-셀바스AI, 메타버스 내 인공지능 관련 기술사업 협력 협약"
after,[인공지능의 두 얼굴] 챗GPT 시대에도 뉴스는 '헐값'에 넘어갈까
after,"컴투버스-셀바스AI, 메타버스 내 인공지능 관련 기술사업 협력 협약"
after,[인공지능의 두 얼굴] 챗GPT 시대에도 뉴스는 '헐값'에 넘어갈까
after,"애플 인공지능에도 '개인정보 중시' 철학 반영, 챗GPT와 경쟁 안 한다"
after,광주 인공지능 통합지원 서비스 플랫폼 문 열었다
after,"KTL, 스위스 시험인증기관과 산업 인공지능 기술협력 강화"
after,"경기도, ‘생성형 인공지능·공공데이터 활용 창업경진대회’ 참여작 모집"
after,인공지능이 읽을 수 있는 행정문서 만든다.
after,"MS, 자체 AI칩까지 만든다…인공지능 '굳히기' 박차"
after,"[RSAC 2023 현장-키노트] 로힛 가이 CEO ""인공지능 시대, 벼랑 끝에 선 ID"""
after,"딥노이드, 인공지능 X-ray 보안솔루션 '코리아 나라장터 엑스포' 참가"
after,"행정문서, 인공지능이 읽을 수 있도록…개정안 입법예고"
after,인공지능·우주기술 등 첨단기술 육성해 국방력 강화
after,"성균관대, (주)모핑아이와 인공지능 융합교육 협력 MOU"
after,"[글로벌 오피니언리더] 인공지능에 긍정적인 게이츠 ""AI, 좋은 가정교사 될 것"""
after,"스노우플레이크, 한국타이어 통합 인공지능 데이터 분석 플랫폼 구축 위해 협력"
after,"인공지능산업융합사업단, AI 통합지원 서비스 플랫폼 개통"
after,"경기도, 전국최초 챗GPT 화상교육… 내달부터 인공지능 활용 확대"
after,"중진공, 인공지능협회와 AI 유망기업 육성 '맞손'"
after,호남대 ‘인공지능 큐브 아카데미’ 온라인 강좌 무료 오픈
after,"바이러스토탈, 인공지능 기반 멀웨어 분석 기능 새롭게 추가"
after,[T1530박우진칼럼] 인공지능 시대에 빛나는 IT 전문가가 되는 길
after,"제천시농촌협약지원센터, ‘인공지능 시대 데이터 분석역량 강화’ 특강"
after,"팝스타 그라임스, 인공지능(AI) 생성 음악에 목소리 사용 허락"
after,"軍, 인공지능 무기체계 및 北 핵·미사일 대응 집중 투자"
after,"성균관대, 모핑아이와 인공지능 융합교육 협력위한 MOU 체결"
after,경기도 '생성형 인공지능·공공데이터 활용' 창의적 아이디어·제품 서비스 등 적극 발굴
after,"KT, 인공지능 화물 중개∙운송 서비스 '브로캐리 2.0' 출시"
after,"'챗GPT 같은 인공지능은 물먹는 하마', 중동 포함 물 부족 지역에 부담"
after,"볼보자동차, 인공지능 스타트업 기업에 투자…“차세대 안전 기술 확보”"
after,‘어서와’ 스위스 영재 패밀리 등장... 인공지능과 함께 한 여행 준비!
after,‘어서와’ 스위스 영재 패밀리 등장... 인공지능과 함께 한 여행 준비!
after,"볼보, 인공지능 스타트업 '코액션즈'에 투자…""최첨단 기술로 충돌 사고 예방"""
after,"軍, 北 핵·미사일 대응 인공지능 무기체계 등...30개 국방전략기술 선정"
after,[광주 동구소식] 인공지능 활용해 고독사 예방
after,인공지능 챗봇 '이루다'가 AI '에이닷'과 만나서 무슨 일이 일어났나?
after,"코레일유통, 인공지능(AI) 기술로 미래 인재 뽑는다"
after,"국제미래학회, '챗GPT 인공지능 실용 전문가' 1기 성황리 개최"
after,"경기도, ‘생성형 인공지능·공공데이터 활용 창업경진대회’ 참여작 모집"
after,"‘좋아요’에 숨겨진 수탈, 챗GPT에 가려진 착취···백욱인 ‘인공지능 시대 인간의 조건’"
after,"미드저니 “사진 인공지능, 예술 도용 안해…소송 기각돼야”"
after,"경기도교육청, 장애학생 인공지능 교육 강화...디지털 역량↑"
after,인공지능이 위험한 건 똑똑해서가 아니다
after,"전국 도로 CCTV, 인공지능에 연결…교통체증 해소한다"
after,위메이드부터 해외 게임사까지…인공지능 활용한 게임 등장하나
after,브래드 스미스 MS 부회장 “노동인구 감소 중차대한 문제… 인공지능 활용해야” [뉴스 투데이]
after,"KTL, 스위스 시험인증기관과 산업 인공지능 기술협력 강화"
after,"정부 ""행정문서, 인공지능도 쉽게 인식할 수 있게 바꾼다"""
after,"경기도, '생성형 인공지능·공공데이터 활용 창업경진대회' 참여작 모집"
after,"[단독] 가열되는 인공지능 전쟁...구글 ‘바드’, 한국 상륙"
after,"중진공, 서울 'AI 유망기업' 육성…인공지능협회와 '맞손'"
after,"베링거, 망막질환 개발 인공지능(AI) 적용 제휴"
after,성균관대 모핑아이와 '인공지능 융합교육 상호협력' 업무협약 체결
after,"BGF복지재단, 경기도 특수학교 인공지능 교육 지원"
after,[철원소식] 인공지능 스피커 활용해 어르신 돌봄 서비스 확대
after,"알리바바 클라우드, 생성 인공지능 모델 '통이치엔원 파트너십 프로그램' 발표"
after,"컴투버스-셀바스AI, 메타버스에 인공지능 입힌다"
after,인공지능(AI)도 행정문서 사용할 수 있게 된다
after,"정부·지자체, 교통체증 줄이는데 인공지능 동원한다."
after,인공지능과 결합한 물류 로봇
after,경기도교육청 '발전하는 인공지능'…교육 활용방안 세미나 열어
after,경기도교육청 '발전하는 인공지능'…교육 활용방안 세미나 열어
after,"구로구, 4차산업 분야 특강 '인공지능 배우고 체험하기'"
after,"인공지능 ‘빛의 질주’…따라갈 것인가, 성찰할 것인가"
after,"인공지능융합사업단, AI 시제품 제작·상용화 지원"
after,"웰스가이드, 7월 '인공지능 개인재무관리 서비스' 출시"
after,"제천시농촌협약지원센터, 시민 대상 ‘인공지능 시대 데이터 분석역량 강화 특강’ 진행"
after,"BGF복지재단, 경기도 특수학교 인공지능(AI) 교육 지원"
after,"성균관대, 모핑아이와 인공지능 융합교육 상호협력 MOU 체결"
after,인공지능이 일으킬 피해 막는 규제 집행 기관 필요
after,"""MS, 자체 인공지능 칩 개발…이르면 내년 초 완료"""
after,"뷰노, 인공지능 기반 의료영상 분석 기술 美 특허 등록"
after,"세종대, 생성형 인공지능 활용 가이드라인 제정"
after,"인공지능산업융합사업단, AI 시제품 제작·상용화 지원 대상 모집"
after,"[IPO열전] 씨유박스, AI 기술력으로 상장특례 도전…“국가대표 인공지능 기업 목표”"
after,"머스크, 인공지능 경쟁 가세‥""인류 전멸시키지 않을 AI"""
after,"컴투버스, 셀바스AI와 메타버스 인공지능 기술·사업 협력"
after,광주 인공지능 보물창고…AI 인프라 조성 잇따라
after,"한밭대, 생성형 인공지능 활용 교수법 워크숍 개최"
after,[위클리 리포트 121호] “인간 시대의 끝이 도래했다”...기어코 스스로 작동하는 인공지능이 등장했다
after,"‘챗GPT’ 열풍 올라탄 MS, 인공지능 최적화 반도체 직접 만든다"
after,'어서와 한국은 처음이지' 다음 나라는 스위스…정수센터 방문→인공지능 활용
after,"코레일유통, 인공지능(AI) 기술로 미래 인재 뽑는다"
after,"국제미래학회, '챗GPT 인공지능 실용 전문가 과정' 지난 22일 개최"
after,"컴투스, 메타버스 ‘컴투버스’에 인공지능 심는다"
after,"인공지능 시대, 사람과 공존하다"
after,인공지능의 미래 한 자리에…인공지능관 개관
after,"인공지능으로 강수 관측 오차범위 42.5% 줄였다!...KAIST 김형준 교수-도쿄대 연구팀, 위성 마이크로파 라디오미터 관측 통한 새로운 ML 기법"
after,호남대 '인공지능 큐브 아카데미' 온라인 무료 강좌
after,“인공지능 길들이기”…'챗GPT' 광주시민 무료 실습 교육 눈길
after,"인공지능 성장 힘입은 칩스앤미디어, 매출·이익 '껑충'"
after,"“MS, 2019년부터 자체 인공지능 칩 개발…챗GPT 개발사와 협력”"
after,"중진공, 인공지능協 손잡고 AI 분야 유망기업 육성 협력체계 구축"
after,광주시 인공지능 '챗GPT' 활용 교육
after,인공지능과 조화를 기대하며
after,"광운대, 방위사업청 주관 국방 무인·로봇·인공지능 전문인력 양성 위한 방위산업 계약학과 설치 협약 체결"
after,"제이엘케이, 5개 인공지능 의료 솔루션 아르헨티나 인허가 획득"
after,"KTL, 스위스 시험인증기관(CertX)과 산업 인공지능 기술협력 강화"
after,인공지능·클라우드 전문가 한자리에…대한민국 DX 혁신 이끈다
after,인공지능(AI)도 행정문서 사용 가능해진다
after,인공지능 모든 것 한 눈에…국립광주과학관 ‘인공지능관’ 21일 개관
after,"""인공지능도 행정문서 사용할 수 있게 된다"""
after,생성형 인공지능과 김경숙 작가의 작품을 동시에…‘소원 이루어지다’ 전시회
after,"[포토] BGF복지재단, 경기도 특수학교 인공지능 교육 지원"
after,"카카오브레인, 인공지능 인재양성 프로그램 지원자 모집"
after,챗GPT로 본 인간과 기계의 미래...인공지능은 사람의 일자리를 얼마나 빼앗을까
after,"성균관대 인공지능혁신융합대학사업단-서울경제진흥원, AI 인재양성 나선다"
after,생성 인공지능(Gen-AI)을 둘러싼 세가지 전쟁 [미라클레터]
after,"컴투버스-셀바스AI, 메타버스 내 인공지능 관련 기술-사업 협력 협약"
after,"양천구, 구청·산하기관 직원 대상 인공지능 챗GPT 교육 진행"
after,"[스마트홈 특허] DL이앤씨, 집주인 알아보는 '인공지능 도어폰' 개발"
after,"'충돌 사고 막는다'...볼보, 인공지능 스타트업 '코액션즈'에 투자"
after,AI면 택시운전도 거뜬!…장애인 취업 돕는 인공지능 기술
after,"경기도, ‘생성형 인공지능·공공데이터 활용 창업경진대회’ 참여작 모집"
after,"순천향대, K-MOOC 개별강좌 부문 '설명 가능한 인공지능' 선정"
after,"중진공, 인공지능협회와 AI 유망기업 육성"
after,생성형 인공지능·김경숙 작가 작품 동시에…‘소원 이루어지다’ 전시회 [E-전시]
after,"제천시농촌협약지원센터, '인공지능 시대 데이터 분석역량 강화' 특강"
after,[WIS 2023] 인공지능·모빌리티·확장현실…혁신이 춤춘다
after,"경북교육청, '인공 지능 감사시스템' 제1호 특허 등록"
after,공주대 송태근 교수 인공지능을 활용한 면역세포 연구이동 논문 게재
after,[게시판] 인공지능 시대 취업지원 어떻게?…대학일자리플러스센터 세미나
after,AI 스타트업 성장‧도약 발판 마련…인공지능 기반 시제품 제작·상용화 지원사업 모집
after,"전남도, '스마트 양식 클러스터 테스트베드' 착공…인공지능·자동화 접목"
after,"스노우플레이크, 한국타이어와 통합 인공지능 데이터 분석 플랫폼 구축 위해 협력"
after,"유발 하라리 ""인공지능·기후위기 위협, 인류 하나로 뭉칠 때"""
after,"제천시농촌협약지원센터, '인공지능 시대 데이터 분석역량 강화' 특강"
after,"경북도, 구글 클라우드와 손잡고 인공지능 인재 양성한다"
after,[통신칼럼]인공지능과 전파공학의 미래
after,"﻿서울대병원, '인공지능(AI) 리빙랩' 개소"
after,"엔씨소프트, 신작 '프로젝트M' 개발에 인공지능 기술 활용"
after,"엔씨소프트, 신작 '프로젝트M' 개발에 인공지능 기술 활용"
after,인공지능 기반 흉부 방사선 영상 분석 효용성 입증
after,[이슈] 인공지능 진화·발전 지속…직장인은 불안하다
after,"SKT, 인공지능으로 '영유아 자폐스펙트럼장애' 조기 진단"
after,"중진공, 인공지능협회와 AI 유망기업 육성 '맞손'"
after,"추경호 경제부총리, ""생성 AI 등에 대응하고 소프트웨어·인공지능 전문인재 20만명 양성한다"""
after,"[의료계 소식] 의료 인공지능 ‘에이아이트릭스’, 미국서 ‘글로벌 헬스 전시회’ 참가"
after,[기고]인공지능으로 더 똑똑해지는 법령정보서비스
after,"경기도, 인공지능 게임 콘텐츠 제작기업에 1억 지원"
after,"위메이드플레이, 자체개발 인공지능 프로그램 활용, 창작 캐릭터 게임화 예고"
after,전남도 '인공지능 스마트양식' 클러스터 조성 첫 삽
after,"중앙대 HK+인문콘텐츠연구소, ‘제27회 인공지능인문학 국내학술대회’ 28일 개최"
after,인공지능(AI)도 행정문서 사용 가능…디지털플랫폼정부 선도
after,"경북도-구글클라우드, 인공지능 인재 양성 위해 맞손"
after,"EsB투자그룹, AI 인공지능 시스템 도입 검토"
after,"경기도교육청, 장애학생 인공지능(AI) 교육으로 미래사회 대비한다."
after,"서울시립대 도시과학빅데이터‧AI연구원, ㈜주스와 인공지능 연구를 위한 MOU 체결"
after,"차이커뮤니케이션, 인공지능 퍼포먼스 플랫폼 'CHAI GPC' 출시"
after,"""MS, 챗GPT 개발사 협력해 2019년부터 자체 인공지능 칩 개발"""
after,"컴투버스-셀바스AI, 메타버스 인공지능 기술·사업 MOU"
after,머스크도 인공지능 사업 뛰어드나…새 법인 'X.AI' 설립
after,'인공지능 시대' AI가 바라본 항만
after,인공지능(AI) 솔루션 브라질 시판 전(前) 허가 획득
after,'인공지능 중립'의 필요성
after,"KTL, 유럽 소재 유망 인공지능 스타트 기업과 산업 디지털 전환 활성화"
after,"일산백병원, 심정지 예측 인공지능(AI) 프로그램 도입"
after,"경북교육청, '인공 지능 감사시스템' 제1호 특허 등록"
after,"""인공일반지능의 시대가 온다""…오토GPT 화제"
after,"중진공, 한국인공지능협회와 AI 분야 유망선도기업 육성 협력"
after,"KTL, 유럽 소재 유망 인공지능 스타트업과 산업 디지털 전환 활성화 '한 뜻'"
after,광주 인공지능 통합지원 서비스 플랫폼 문 열었다
after,금융분야 인공지능 신뢰 높인다…‘금융분야 AI 보안 가이드라인’ 마련
after,"BNK금융그룹, 인공지능 기술 습득 '금융 생산성 강화'"
after,[논단] 인공지능 챗GPT가 몰고올 공간의 변화
after,"차이커뮤니케이션, 인공지능 퍼포먼스 플랫폼 'CHAI GPC' 출시"
after,"서울시립대, ㈜주스와 인공지능 연구를 위한 업무협약 체결"
after,"[국민논단] 인공지능 시대, 그 거짓말과 아이들"
after,국립 한밭대 생성형 인공지능 활용 교수법 워크숍 개최
after,"KTL, 스위스 시험인증기관(CertX)과 산업 인공지능 기술협력 강화"
after,"""인공지능 길들이기""…'챗GPT' 광주시민 무료 실습 교육"
after,"""인공지능 길들이기""…'챗GPT' 광주시민 무료 실습 교육"
after,교육·연구용 최대 규모 인공지능 공용 인프라 가동
after,"[국세칼럼] 인공지능시대, 세무사는 살아남을 수 있을까"
after,"한밭대, 생성형 인공지능 활용 교수법 워크숍 개최"
after,"美 MS, 2019년부터 자체 인공지능 칩 개발…챗GPT 개발사와 협력"
after,"스노우플레이크, 한국타이어 통합 인공지능 데이터 분석 플랫폼 구축 지원"
after,"[단독] 국내 첫 인공지능산업 액티브 ETF 나온다…타임폴리오, 내달 출시"
after,"한국인공지능협회-중진공, AI분야 기업혁신성장 지원한다"
after,"차이커뮤니케이션, 인공지능 퍼포먼스 플랫폼 ‘차이 GPC’ 출시"
after,"새 AI 회사 만든다더니…머스크 또 “인공지능, 문명파괴 할 수도”"
after,인공지능과 빅데이터 활용사업 추진
after,"한밭대, 생성형 인공지능 활용 교수법 워크숍 열어"
after,"인공지능 전문 액션파워, 한국복지방송과 장애인의 영상 소비 편의성 개선 위한 MOU 체결"
after,"KTL-스위스 시험인증 기관, '산업 인공지능 생태계 활성화' 협약 체결"
after,"""인공지능부터 로봇까지 미래기술 경험""…SKT·KT, 월드IT쇼 참가"
after,"머스크, 인공지능 회사 'X.AI' 설립...오픈AI와 경쟁"
after,"[광주창업포럼] 정자형 인공지능산업융합사업단 창업지원팀 책임, ""AI 스타트업·스케일업, AICA 사업으로 도약하길!"""
after,"광주교육청, 추경 748억 편성…유아·인공지능·환경 중점"
after,"차이커뮤니케이션, 인공지능(A.I) 퍼포먼스 플랫폼 ‘CHAI GPC’ 개발"
after,"[fn마켓워치]본엔젤스, '영상인식·인공지능 기술' 기반 스마트양식에 투자"
after,"국제인공지능&윤리협회-크라우드웍스, AI윤리 공동사업 MOU"
after,"컴투버스-셀바스AI, 메타버스 내 인공지능 관련 기술-사업 협력 협약"
after,"인공지능산업융합사업단, AI 통합지원 서비스 플랫폼 개통"
after,"KTL, 유럽 소재 유망 인공지능 스타트업(LatticeFlow)과 산업 디지털 전환(IDX) 활성화에 뜻 모아!"
after,인공지능 기반 CCTV 영상분석으로 교통체증 해소
after,"구로구, 4차산업 분야 특강 'AI 인공지능 기술 이해' 실시"
after,"금융당국, 신뢰받는 인공지능 활용 환경 만들기 '박차'"
after,"아마존, 기업용 인공지능 서비스 ‘베드록’ 출시"
after,"경북교육청, 자체 개발 ‘인공지능감사시스템’특허..전국 최초"
after,"머스크, 인공지능 기업 'X.AI' 설립…챗GPT와 정면대결?"
after,"컴투버스-셀바스AI, 메타버스 내 인공지능 관련 기술-사업 협력 협약"
after,"경북교육청, 자체 개발 ‘인공지능감사시스템’특허..전국 최초"
after,"머스크, 인공지능 기업 'X.AI' 설립…챗GPT와 정면대결?"
after,"아마존도 생성 인공지능 출시?…""AI 경쟁 뒤처져 있지 않다"""
after,"광주시교육청, 인공지능 교육 선도학교 운영 내실화 지원 박차"
after,경기도교육청 '발전하는 인공지능'…교육 활용방안 세미나 개최
after,"성균관대-서울과기대-서울시립대-SBA, 인공지능 인재양성 등 맞손"
after,"KT, 인공지능 망원경으로 만나는 천체 관측 프로그램 운영"
after,"금융위, '금융분야 AI 보안 가이드 마련'…인공지능 신뢰 제고"
after,"차이커뮤니케이션, 인공지능(A.I) 퍼포먼스 플랫폼 'CHAI GPC' 선보여"
after,"컴투버스·셀바스AI, 메타버스 내 인공지능 관련 기술·사업 협력 협약"
after,"KT, 인공지능 망원경으로 만나는 천체 관측 프로그램 운영"
after,"금융위, '금융분야 AI 보안 가이드 마련'…인공지능 신뢰 제고"
after,"차이커뮤니케이션, 인공지능(A.I) 퍼포먼스 플랫폼 'CHAI GPC' 선보여"
after,"KTL, 스위스 인공지능 스타트업과 AI 신뢰성분야 시험인증 업무 협력"
after,"경기도, 인공지능(AI) 기술 활용한 게임 콘텐츠 제작 기업에 1억 원 지원"
after,"일산백병원, 심정지 예측 인공지능(AI) 프로그램 도입"
after,"구로구, AI 인공지능 기술 이해 특강"
after,"""로봇·인공지능 결합한 물류기술 한눈에""…국제물류산업대전 개최"
after,"전국 최초 '인공 지능 감사시스템', 경북교육청 제1호 특허 등록"
after,"KTL, 유럽 인공지능 스타트업(LatticeFlow)과 산업 디지털 전환(IDX) 활성화 맞손"
after,"전국 최초 '인공 지능 감사시스템', 경북교육청 제1호 특허 등록"
after,"관악구, 인공지능 돌봄로봇 '키미' 보급"
after,"금융위, 금융 분야 인공지능 활용 '보안 가이드라인' 마련"
after,"KTL, 스위스 시험인증기관(CertX)과 산업 인공지능 기술협력 강화"
after,"차이커뮤니케이션, 인공지능 퍼포먼스 플랫폼 `CHAI GPC` 선봬"
after,"국내 '인공지능 전문가' 호남대TV에서 만난다… ""AI 큐브 아카데미, 역대 최고 화려한 연사 라인업 구성!"""
after,"[의료계 소식] 일산백병원, '심정지 예측 인공지능(AI) 프로그램' 도입"
after,"경북도, 구글 클라우드와 협약…“글로벌 인공지능 인재 양성”"
after,"중진공, 인공지능협회와 AI 유망기업 지원 업무협약"
after,"중진공, 인공지능협회와 AI 유망기업 지원 업무협약"
after,"“119! 119!” 화장실에 갇힌 남성, 6m 밖 휴대폰 인공지능이 살렸다"
after,"컴투버스-셀바스AI, 메타버스 내 인공지능 사업 협력"
after,"KT, 인공지능 망원경으로 만나는 천체 관측 프로그램 마련"
after,“‘인공지능시대’ 챗GPT 전문가 된다”
after,[미래토크] 일반인공지능 시대를 준비하라
after,"KTL, 스위스 시험인증기관과 산업 인공지능 기술협력 강화"
after,"경북도, 구글 클라우드와 '인공지능 인재양성' 나서"
after,마이크로소프트 업무 지원 플랫폼 '비바'에 인공지능 비서 탑재
after,"경기도, 인공지능(AI) 기술 활용한 게임 콘텐츠 제작 기업에 1억 원 지원"
after,"머스크 vs MS, 인공지능 데이터 둘러싼 소송전 비화"
after,"""전화해 줘""… 화장실에 5시간 갇힌 남성, 인공지능이 구조했다"
after,"일상에 침투한 인공지능, '미디어-커뮤니케이션'으로 분석"
after,"도시과학빅데이터·AI연구원, ㈜주스와 인공지능 연구 위한 업무협약"
after,인공지능이 ‘인간의 거부감’ 뛰어넘을 수 있을까
after,"일산백병원, ‘심정지 예측 인공지능(AI) 프로그램’ 도입"
after,"컴투버스-셀바스AI, 메타버스 내 인공지능 관련 기술 사업 협력 협약"
after,"차이커뮤니케이션, 인공지능(AI) 퍼포먼스 플랫폼 ‘차이(CHAI) GPC’ 출시"
after,"경북도-구글 클라우드, 인공지능 인재 양성 맞손"
after,"충북 제천세명대 제천시농촌협약센터, 인공지능 시대 데이터 분석역량 강화 무료 교육 실시"
after,"수원시, 인공지능 홍보 트럭 도시 누빈다"
after,"""AI 창업 혁신 초석 다진다!""… 인공지능산업융합사업단, 'AI 통합지원 서비스 플랫폼' 오픈식 개최"
after,"""인공지능, 금융산업 매출 665조원 증대할 것"""
after,"컴투버스-셀바스AI, 메타버스 내 인공지능 관련 기술-사업 협력 협약"
after,'인공지능 시대' AI가 바라본 해운
after,"충북대학교 산업인공지능연구센터, 연구성과 선보여 'ITRC 인재양성대전 2023' 참여"
after,"경기도교육청, 장애 학생 인공지능 중심 교육 강화"
after,"[공시 따라잡기] 셀바스AI, 인공지능 기업 중 유일한 성장세, 주가는 하락세"
after,인공지능·로봇 등 첨단기술 활용한 물류기술 트렌드 한 눈에
after,인공지능·로봇·미래기술 한자리에…2023 월드IT쇼 [가봤더니]
after,"경북도, 글로벌 인공지능 인재 양성에 나섰다"
after,[EBS 비즈니스 리뷰] 구태언의 '법제도로 읽는 인공지능과 혁신' 특강
after,"머스크, 인공지능 회사 세웠다"
after,"머스크, 진실 추구 인공지능 플랫폼 '트루GPT' 개발 중"
after,"컴투버스와 셀바스AI, 메타버스 내 인공지능 관련 기술, 사업 협력 협약 맺어"
after,"광명 안현초, 코딩·인공 지능·기계학습 테마로 다채로운 과학의 날 행사"
after,"BGF복지재단, 경기도 특수학교 인공지능 교육 지원"
after,"[호남대 AI 큐브] 이용이 SOS랩 총괄책임자, ""챗GPT 등 인공지능 도구 적극 활용하면 전문성·생산성 극대화할 수 있어!"""
after,"뷰노, AI 기반 의료영상 분석 기술 미국 특허 취득...인공지능으로 의료진의 진단 편의성과 효율성 높인다!"
after,"“인공지능 활용한 무기개발 경쟁, 권위주의 국가 유리한 구도 형성”"
after,"인공지능 기반 도로 CCTV 분석으로 교통체증, 도로안전 개선한다"
after,서울시립대 도시과학빅데이터 AI연구원-주스 인공지능 연구 관련 업무협약 체결
after,"경기도교육청, 장애학생 미래교육 소외 없어야 '인공지능(AI) 중심 교육 강화'"
after,[신간]팜 비즈니스·인공지능 시대 인간의 조건
after,"KT, 디지털역량 강화…그룹DX원팀, 인공지능·로봇 자동화 대비"
after,"내 몸에 착용하는 '인공지능 비서'...美 스타트업, 웨어러블 AI 어시스턴트 개발"
after,"경북교육청, 전국 최초 인공 지능 감사시스템 특허 등록"
after,"코드비전, 인공지능 '예지보전' 진입장벽 혁신적으로 낮춘다!"
after,"'인공지능 자동투자' 콴텍, 앱 1주년 맞아 성과 공개"
after,'인공지능 로봇이 딸기 수확'…경북도 '로봇 농업' 시대 연다
after,[기고] 인공지능(AI)을 대하는 우리의 자세
after,"제이엘케이, 인공지능 의료 솔루션 5개 아르헨티나 인허가 획득"
after,"구로구, 4차산업 분야 특강 '인공지능 배우고 체험하기' 실시"
after,"""인공지능 로봇이 실험동물에 주사, 인건비 61% 절감"""
after,"충북대 산업인공지능연구센터, 인재양성대전 참여"
after,"BGF복지재단, 경기도교육청과 인공지능(AI) 로봇 교육 지원"
after,인공지능시대 교육법 '거꾸로 교실 거꾸로 공부' 출간
after,[WIS 2023]인재양성대전 '인공지능 플랫폼 서비스'
after,"국회 찾은 MS 부회장…""인공지능, 생산성 향상 기여…위협에도 대응해야"""
after,"에이블리 흑자 전환 성공, 카테고리 확장과 인공지능(AI)이 핵심"
after,[칼럼]인공지능이 논리적인 문제를 잘 풀 수 있는가?
after,"경북교육청, 인공 지능 감사시스템 제1호 특허 등록"
after,"머스크, 인공지능 회사 'X.AI' 설립…AI 경쟁 가세"
after,"""위기 시간에 반격 준비... 인공지능·로봇, 비즈니스 접목해야"""
after,"컴투버스-셀바스AI, 메타버스 내 인공지능 관련 기술·사업 협력 위해 손잡아"
after,"퓨처메인, 2023 월드IT쇼 참가... ""빅데이터와 인공지능 기반 AR 시스템으로 설비진단의 새 지평 열어간다"""
after,"[도서관 마을포럼] '인공지능 시대, 인간답게 산다는 건 무엇일까'"
after,인공지능도 행정문서 사용할 수 있게 된다
after,"구글 클라우드·경북도, 인공지능 인재 양성 … 안동대에 AI진흥센터 설치"
after,"경북교육청, 인공지능(AI) 교육 선도학교 운영 내실화 도모"
after,"경북교육청, 인공지능(AI) 교육 선도학교 운영 내실화 도모"
after,"KT그룹사, 인공지능 등 기술 결집과 DX업무혁신 위한 '2023 그룹DX원팀'"
after,"성균관대, (주)모핑아이와 인공지능 융합교육 상호협력 위한 MOU 체결"
after,"[게시판] 부동산R114, '인공지능 추정가' 서비스 출시"
after,“인공지능 발전 좌우하는 데이터 효과적인 활용 방안 모색”
after,[에너지 칼럼] 거대인공지능과 초소형 핵융합로·원자로
after,"경북도·구글 클라우드, 인공지능 인재양성 공동 진행"
after,김외철 (사)한국인공지능협회 상근부회장 임명
after,"경북도-구글 클라우드, 글로벌 인공지능 인재 양성 '맞손'"
after,"인공지능융합사업단 김준하 단장, ""앞으로 전문가는 초거대 AI를 잘 활용하는 사람"""
after,"크라우드웍스, 미국 Defined.AI와 파트너십 체결...인공지능 데이터 플랫폼 협력 강화"
after,"경북교육청, 인공지능(AI) 교육 선도학교 운영 내실화 도모"
after,"컴투버스, 셀바스AI와 메타버스 내 인공지능 기술·사업 협력"
after,과기정통부 '소프트웨어·인공지능(AI) 보편 교육체계 구축'
after,인공지능 기반 CCTV 영상분석으로 교통체증 해소 및 도로안전 수준 높인다
after,"금융분야 인공지능 신뢰도 높인다...금융위, 금융분야 AI 보안 가이드라인 마련"
after,"머스크, 인공지능 경쟁 가세.. ""인류 전멸시키지 않을 AI"""
after,"중앙대, 인공지능 기반 치매 진단·분류 기술 개발"
after,[아침광장] 인공지능 의사결정과 인간의 대체
after,"일산백병원, '심정지 예측 인공지능(AI) 프로그램' 도입"
after,"컴투버스-셀바스AI, 메타버스 인공지능 관련 기술 ‧ 사업 협력 협약"
after,"일산백병원, '심정지 예측 인공지능(AI) 프로그램' 도입"
after,"차이커뮤니케이션, 인공지능 퍼포먼스 플랫폼 ‘CHAI GPC’ 출시 밝혀"
after,"[동정]김외철 전 국무총리실 비서관, 한국인공지능협회 상근부회장에"
after,[산업경쟁력포럼] 챗GPT와 함께하는 4차 산업혁명 | 김진형 전 인공지능연구원 원장
after,인공지능(AI) 의료 솔루션 아르헨티나 인허가 획득
after,“노인 돌봄 인공지능 개발” SKT ESG 얼라이언스 소셜세이프티넷팀
after,"국방부, ""인공지능 강군육성의 핵심인 국방데이터 체계적 구축 필요"""
after,[대덕특구 출범 50주년 과학의날 특집] 경계 확장하는 한의학… 인공지능·ICT와 만났다
after,"[인공지능의 두 얼굴] 주호민 작가도 헷갈렸던 인공지능 생성 이미지, 미래 어떻게 바뀔까"
after,"컴투버스, 셀바스AI와 인공지능 관련 기술·사업 협력 협약 체결"
after,[대덕특구 출범 50주년 과학의날 특집] 경계 확장하는 한의학… 인공지능·ICT와 만났다
after,"[인공지능의 두 얼굴] 주호민 작가도 헷갈렸던 인공지능 생성 이미지, 미래 어떻게 바뀔까"
after,"건국대, 반도체·인공지능 등 2학기 17개 분야 교수 초빙"
after,"""의료 AI 분야 1위 가능""···정부, 초거대 인공지능에 3901억원 투입"
after,"구글, 광주서 인공지능 전문인재 육성한다"
after,"한국인공지능협회, 첫 상근부회장에 김외철 전 총리실 비서관"
after,"국제인공지능&윤리협회-크라우드웍스, AI 및 AI윤리 공동 사업 협력 MOU 체결"
after,"경기도, 인공지능(AI) 기술 활용한 게임 콘텐츠 제작 기업에 1억원 지원"
after,챗GPT 시대…가장 ‘완벽한 답’ 찾기 위한 혁신 필요 [인공지능 챗GPT 포럼]
after,챗GPT 시대…가장 ‘완벽한 답’ 찾기 위한 혁신 필요 [인공지능 챗GPT 포럼]
after,"광주시·구글 클라우드 코리아·전남대, 인공지능 인재 키운다"
after,(금요아침)아니 땐 굴뚝에 연기를 그리는 인공지능
after,"구글 클라우드, 경북도와 손잡고 인공지능 인재 길러낸다"
after,"테바소프트, 인공지능 대화분석 기술 기반 멘탈케어 서비스 '심스페이스' 론칭"
after,지난해 美서 인공지능 관련 일자리 80만개…전년 두 배
after,거짓말에 염치도 없는 정치인...차라리 인공지능에 금배지 주자 [박용후가 소리내다]
after,"""아리아, 살려줘""…시민 생명 구한 구미시 인공지능 스피커"
after,"경기도, 인공지능 활용한 게임 콘텐츠 제작 기업 공모...선정 1개사, 개발 지원금 1억 지급"
after,"용인세브란스, 인공지능 기반 흉부 방사선 영상 분석 효용성 입증"
after,"용인세브란스, 인공지능 기반 흉부 방사선 영상 분석 효용성 입증"
after,인공지능協 상근부회장에 김외철
after,"아마존, 인공지능 서비스 경쟁 가세…클라우드 '베드록' 출시"
after,'투자 온도계' 더한 인공지능 자산관리
after,"인공지능 기반 CCTV 영상분석으로 교통 체증 해소, 도로안전 수준 높인다"
after,인공지능이 환자에게 적합한 약을 찾는 방법
after,"논산시, 인공지능 시대 선도할 미래인재 교육 신설"
after,김외철 한국인공지능협회 상근부회장 임명
after,부산형 ‘인공지능 로봇’ 첫선…판교 주도 시장 추격 본격화
after,"차이커뮤니케이션, 인공지능(A.I) 퍼포먼스 플랫폼 ‘CHAI GPC’ 출시"
after,"전남교육청, 대화형 인공지능 '챗봇' 활용 교육용 안내서 제작"
after,[특징주] 2차전지 꺾이자 AI(인공지능) 테마 재등장
after,"하나증권 “한미반도체 목표주가 상향, 인공지능 반도체 성장에 수혜”"
after,대문명 전환 예고 ‘챗GPT’ 기대 반 우려 반 [인공지능 챗GPT 포럼]
after,"김외철 前 국무총리실 비서관, 한국인공지능협회 초대 상근부회장 취임"
after,"진화하는 '악성 봇', 인공지능이 실시간 잡아낸다...에지오, 머신러닝 기반 '고급 봇 관리' 솔루션 발표"
after,"경북도, 구글과 글로벌 인공지능 인재 양성 나선다"
after,"경기도, 인공지능 기술 활용 게임 콘텐츠 제작 기업에 1억원 지원"
after,"스냅챗, 인공지능 챗봇 '마이 AI' 공개"
after,"SKT, 인공지능 실무경험 쌓는 ‘AI펠로우십’ 5기 모집"
after,"차이커뮤니케이션, 인공지능 퍼포먼스 플랫폼 ‘CHAI GPC’ 출시"
after,"아마존, 기업용 인공지능 서비스 ‘베드록’ 출시"
after,"SKT, iF 디자인 어워드 2년 연속 수상...'A.'으로 인공지능 형상화"
after,"[단독]외교부, 박진 장관 인공지능(AI) 아바타 제작…외교 무대서 활용"
after,광운대 이대석 교수 연구팀 '인공지능 알고리즘 컴퓨팅 관련 고신뢰성 시냅스소자' 개발
after,"인공지능협회, 첫 상근부회장에 김외철 전 국무총리실 비서관 임명"
after,"“장애학생 디지털 역량 강화, 인공지능(AI) 중심 교육 강화할 것”"
after,"엔비디아 초거대 인공지능 개발 자원, 광주 AI 데이터센터에 제공"
after,"일가자, 인공지능 적용 일용직 인력 추천 배정 서비스 출시"
after,中企에 필요한 인공지능 활용기술 이 곳에서 가르쳐드립니다
after,"컴투버스-셀바스AI, 메타버스 내 인공지능 관련 기술-사업 협력 협약"
after,"용인세브란스병원, 인공지능 기반 흉부 방사선 영상 분석 효용성 입증"
after,"김동연 ""세계석학들과 '인공지능 수도' 만들겠다"""
after,"경기도, 인공지능(AI) 기술 활용한 게임 콘텐츠 제작 기업에 1억 지원"
after,"중앙대, 인공지능 기반 치매 진단 기술 개발"
after,"""인공지능 배워서 해외연수 가 볼래요?"""
after,"인공지능에 기대 거는 SK하이닉스, 박정호 고대역폭 메모리로 패러다임 바꾼다"
after,“내 글씨체와 꼭 닮은 폰트로 문서 작성” 인공지능이 만들어주는 '나만의 폰트'
after,"'내 건강이 최우선'이라는 당연한 결론, 국내 연구팀이 인공지능 통해 데이터화로 증명"
after,"전남교육청, 대화형 인공지능 챗봇활용 안내서 배부"
after,"전남교육청, 대화형 인공지능 챗봇활용 안내서 배부"
after,삼성전자 '비스포크 제트 AI(인공지능)' 출시
after,"경기도, 인공지능 기술 활용한 게임 콘텐츠 제작 기업에 1억원 지원"
after,"경북도, Google cloud와 협약 체결...글로벌 인공지능 인재 양성 나서"
after,"[AI 리뷰] 구글 '버텍스 AI', 생성 인공지능을 구현하는 두 가지 새로운 기능과 모델이 상호작용하는 5가지 방법"
after,"셀바스AI, 디지털 교과서 '셀펍' 공급…인공지능 교육 사업 힘준다"
after,"김준하 인공지능산업융합사업단장, 광주시 공무원 대상 챗GPT 강연… ""AI 기술 실제 업무 활용법 제시!"""
after,"세종시교육청, '챗GPT' 등 인공지능 교육자료 개발·보급"
after,인공지능에 디바이스까지 장착...'WIS' 최고 인기는 헬스케어
after,"이화의료원, 인공지능 빅데이터 시대의 뇌 과학연구 주제로 '2023 이화 국제 심포지엄' 성료"
after,[투데이 窓]생성형 인공지능과 국내 소프트웨어산업의 현실
after,"철도硏-광주도시철도, 인공지능 활용 공조설비제어기술 개발"
after,"경기도, 인공지능(AI) 로봇 ‘알파미니’ 어린이집에 '대여'"
after,"논산시, 인공지능 시대 선도할 미래인재 교육 신설"
after,계명대 대구동산병원 최첨단 인공지능기반 MRI 도입
after,"NH투자증권 “한미반도체, 주가 더 오른다...인공지능 AI 수요 증가에 따른 수혜”"
after,"국립광주과학관-한국과총 광주전남연합회, '제2회 인공지능오딧세이 포럼' 공동 개최"
after,"이화의료원, 인공지능 빅데이터 시대의 뇌 과학연구 '이화 국제 심포지엄' 개최"
after,"""글로벌 인공지능 인재 양성"" 경북도-구글 클라우드, 협약 체결"
after,[3040칼럼] 인공지능도 알고 있는 '불안 마케팅'의 폐해
after,[3040칼럼] 인공지능도 알고 있는 '불안 마케팅'의 폐해
after,"뤼이드, 세계 최고 인공지능학회 CVPR서 논문 채택"
after,"관악구, 홀몸 어르신 가구에 인공지능 돌봄로봇 보급"
after,"일론 머스크, 인공지능 회사 X.AI 차렸다...오픈AI와 경쟁?"
after,"중부발전, 인공지능 허브 준공…발전설비 원격 모니터링"
after,인공지능 담은 과학기술 강군 육성 위한 '국방과학기술혁신' 기본계획 발표
after,"부산시, 인공지능 활용 당뇨병 예방·관리 사업 추진"
after,“아리아 살려줘” 소중한 생명 구한 구미시 인공지능 스피커
after,금융 분야 인공지능의 신뢰를 높인다
after,"일론 머스크 챗GPT 맞설 '진실의 인공지능' 만든다, 구글과 MS 견제 나서"
after,[생활속 과학이야기] 지구를 위한 인공지능
after,"[중국 비즈니스 트렌드&동향] 중국 인공지능 기업 ‘센스타임’, 거대 AI 모델 공개"
after,"경기도, 인공지능 게임 콘텐츠 제작 기업 지원...최대 1억 원"
after,최첨단 인공지능기반 MRI 갖춘 계명대 대구동산병원
after,"경북도, Google 클라우드와 글로벌 인공지능 인재 양성"
after,"컴투버스-셀바스AI, 메타버스 내 인공지능 기술-사업 협약"
after,"[영상] SKT·KT, '월드IT쇼'서 생활 속 미래 기술 선 봬...""인공지능부터 로봇까지"""
after,인공지능 기반 개인 맞춤형 뇌 신경조절치료 효과 입증
after,"김동연, 美서 세계적 석학들과 열띤 토론…'인공지능 수도' 포부 밝혀"
after,"경기도교육청, 인공지능 에듀테크 활용 머리맞대"
after,"""국내 최대 교육연구용 AI인프라 구축!"", 지스트 '인공지능-초고성능컴퓨팅 공용인프라' 가동"
after,"백석대 K-디지털플랫폼사업단, 지역 초등생 대상 '인공지능 체험 세미나' 개최"
after,아마존도 생성 인공지능 출시?…“경쟁 뒤처져 있지 않다“
after,"국제인공지능&윤리협회-크라우드웍스, AI 및 AI윤리 공동 사업 협력 나선다"
after,"美 FTC, 인공지능 사기 위험 적극 대응"
after,"세종시교육청, 인공지능 문답시대 '챗GPT' 개발·보급"
after,"인공지능을 대상으로 한 모의 해킹, 그 동안 했던 레드팀 훈련과 다르다"
after,[아는 만큼 보이는 미래의 기술] 1부. 챗GPT 인공지능과 미래
after,"모더나ㆍIBM, 양자 컴퓨터ㆍ인공지능 mRNA 접목"
after,"오픈AI, 美 규제당국의 조사받나…""GPT-4, 인공지능 기준 위반"""
after,"키움증권, 영웅전 인공지능 종목 정보 신설"
after,인공지능 챗 GPT에 대한 창의성…미래 사회는 어떤 모습
after,"용인세브란스병원, 인공지능 기반 흉부 방사선 영상 분석 효용성 입증"
after,"SKT, 미래 AI 인재와 인공지능 기술 개발 나선다"
after,"천안시·JB주식회사, 인공지능 전기차 화재 대응 맞손"
after,'1200년전 영암 구림도기' 인공지능으로 재탄생
after,"광주시·구글 클라우드 코리아·전남대, 인공지능 인재 함께 키운다"
after,생성형 인공지능과 함께하는 김경숙 작가 궁중민화 전시회 '소원 이루어지다' 개최
after,"인공지능융합사업단, 'AI 통합지원 서비스 플랫폼' 오픈...데이터센터, 실증·창업·인재양성 서비스·데이터 '한눈에'"
after,"배재대, 대전 초‧중‧고에 인공지능‧소프트웨어 전파"
after,"[AI 프리즘] 인공지능의 위협, 인간이 해결할 수 있는 방법은...네처 교수 ""기계가 어떻게 행동해야 할지 미리 훈련시켜야"""
after,[포토] 교통 영상 분석까지 인공지능으로… KT 로드센스
after,인공지능 도움 받아 더 날씬하고 선명해진 블랙홀
after,인공지능기반 코스웨어 활용해 학생 맞춤형 교육 실현
after,"충남 논산시, 인공지능 시대 선도할 미래인재 교육 신설"
after,"국립광주과학관, 제2회 인공지능오딧세이 포럼"
after,"인공지능에 '말도 많고 탈도 많은' 일론 머스크, 실리콘밸리에 'X.AI' 인공지능 회사 설립...생성 AI 시장에 시동?"
after,"인공지능(AI)의 공공행정 도입, 국가 시스템 혁신의 바람"
after,"한국가스공사, 한전KDN과 인공지능 기반 스마트 안전 기술 업무협약 체결"
after,"천안시·JB주식회사, 인공지능 전기차 화재 대응법 개발 '맞손'"
after,"울산교육연구정보원, 인공지능, 메타버스 등 학생과 함께한 수업이야기 '천 개의 교실 천 개의 수업' 공모"
after,"김제시립도서관서 11일, 인공지능 챗GPT 활용 특강"
after,"""'인공지능시대' 챗GPT 전문가 된다""...광주시 공직자들 체험 교육 '호응'"
after,“예비 신랑·신부의 고민 코골이...인공지능 베개로 고칠 수 있죠”
after,"경기도미래기술학교, 교육생 모집…""인공지능 반도체 등 4차 산업 분야 인재 양성"""
after,인공지능 기술로 리튬이온배터리 수명 진단
after,"인간과 대화할 수 있게 된 인공지능, 다음 순서는 ‘자아’일까"
after,"식약처, 인공지능·진단 기술 국제 교류로 의료기기 육성"
after,'아리아 살려줘'…인공지능 스피커가 생명 구했다
after,"한국인공지능협회, 첫 상근부회장에 김외철 전 국무총리실 비서관 임명"
after,이화의료원 '이화 국제 심포지엄' 성료…인공지능 빅데이터 시대 뇌 과학연구 비전 다뤄
after,"서초구, 우범지대에 ‘인공지능 CCTV’···“범죄행동 자동감지”[서울25]"
after,"관악구, 인공지능 돌봄로봇 보급"
after,"인공지능산업융합사업단, 28일 코엑스서 'AI 특화 창업 및 기업 성장지원 사업설명회' 개최… ""예비창업·스타트업 지원!"""
after,"구글, 인공지능 슈퍼컴퓨터 공개…""성능 엔비디아 능가"""
after,"전남도교육청, 인공지능 ‘지능형영상감시 시스템’ 도입"
after,[김재영 칼럼] 인공지능 아무리 완벽해도 인간에겐 결점이
after,"뉴패러다임인베스트먼트, 인공지능과 챗GPT 관련 기술·사업 세미나 개최"
after,"중진공, 중소기업 대상 인공지능 활용 온라인 교육 확대"
after,"한국인공지능협회, 김외철 전 국무총리실 비서관 상근부회장 임명"
after,"논산시, 인공지능 시대 선도할 미래 인재 교육 신설"
after,인공지능 모빌리티 시대가 온다
after,"트릴리온C&M, 소상공인을 위한 인공지능 솔루션 '리뷰매니저' 정식 출시"
after,"SKT, 차세대 인공지능 기술 개발 나선다"
after,"국립광주과학관, '제2회 인공지능오딧세이 포럼' 성료"
after,"셀바스AI, 디지털 교과서 솔루션 '셀펍' …디지털 교과서에 인공지능 융합 고도화"
after,인공지능 사관학교 4기 교육생 모집 경쟁률 2.4대 1
after,"경기도교육청, '인공지능' 활용 방안 설명회 개최"
after,세종교육청 ‘챗GPT’ 인공지능 교육자료 개발·보급
after,"광주시, 인공지능·문화예술 양 날개로 도시 외교 확대"
after,[중앙시평] 인공지능 개발을 멈춰야 할까?
after,"크라우드웍스, 美 '디파인드.AI'와 파트너십... 인공지능 데이터 플랫폼 글로벌 협력 강화"
after,"SKT, 미래 AI 인재와 인공지능 기술 개발 나선다"
after,"세종시교육청, '챗GPT' 및 인공지능 교육자료 개발·보급"
after,인공지능 기술 더해 더 선명해진 블랙홀
after,"[기고] 인공지능 기업, 평가지표가 개선된 '기술특례상장' 어떻게 준비해야 하나?"
after,"트릴리온 C&M, 인공지능 기반 솔루션 리뷰매니저 런칭"
after,"국립광주과학관, 15일 '제2회 인공지능오딧세이 포럼' 개최"
after,‘인공지능과 민주주의’ 온라인 포럼
after,"전남도교육청, 인공지능 활용 지능형영상감시 시스템 설명회"
after,"메타, 메타버스 대신 인공지능에 집중"
after,"""인간과 친밀감 형성해.."" 챗GPT(ChatGPT) 써본 유발 하라리가 SNS보다 AI(인공지능)가 위험한 이유를 설명했다"
after,"광주시·구글 클라우드 코리아·전남대, 인공지능 인재 양성"
after,"KT, 인공지능 기반 이메일 보안 솔루션 상용화"
after,"가스공사-한전KDN, 인공지능 기반 스마트 안전 기술개발 맞손"
after,"공주교육청, 2023 흥미진진 인공지능(AI) 주말학교 개강"
after,"논산시, 인공지능 시대 대비 '미래인재 교육' 확장 속도"
after,"경기도교육청, 인공지능(AI) 기반 학생 맞춤형 교육 설명회 개최"
after,"의성도서관, 로봇과 함께하는 인공지능 체험 운영"
after,일산백병원 '심정지 예측 인공지능(AI) 프로그램' 도입…'24시간 이내 발생 위험' 알려
after,"SK텔레콤, 미래 AI 인재와 인공지능 개발 나선다"
after,"김동연 지사 ""뉴욕대와 인공지능 분야 인적교류, 공동 연구 등 협업하고 싶다"""
after,"하동군, 인공지능 챗 GPT 행정 서비스 추진"
after,"중진공, 中企위한 인공지능 활용 기술 온라인 교육 늘려"
after,"백석대 K-디지털플랫폼사업단, 지역 초등생 대상 '인공지능 체험 세미나'"
after,"논산시, 인공지능 시대 선도할 미래인재 교육 신설"
after,"전남대병원, 인공지능산업융합사업단과 MOU"
after,민·관·군이 함께 데이터 기반으로 인공지능 강군 건설에 머리를 맞댄다
after,"[대구시의회 소식] 이동욱 교육위원장, 인공지능교육 선도학교인 동평중 방문 外"
after,[MONEY생각] 생성형 인공지능 챗GPT
after,클라우드 기반 인공지능 플랫폼 개발자 무료 교육
after,"경기도교육청, 인공지능(AI) 기반 코스웨어 활용, 학생 맞춤형 교육"
after,중앙대 '인공지능의 몸과 노동' 학술대회 개최
after,성균관대 인공지능혁신융합대학사업단-서울경제진흥원 '서울형 R&D 산학협력' 관련 MOU 체결
after,"“우리 교수님은 AI?” 인천대, 인공지능 강의 나왔다"
after,논산시 인공지능 시대 미래인재 교육 신설
after,"바이든 행정부, 인공지능 규제방안 마련 돌입…60일간 여론 조사"
after,"논산시, 인공지능 시대 선도할 미래인재 교육 신설"
after,생성형 인공지능과 함께하는 세계 최초 궁중민화 전시회 ‘소원 이루어지다’ 개최
after,연세대 인공지능융합대학 매쉬업엔젤스와 '스타트업 창업 토크 콘서트' 28일
after,"침수피해 어르신가구 안전,'키미'가 지킨다. 관악구, 인공지능 돌봄로봇 보급"
after,"뉴스가 주가에 미칠 영향, 인공지능은 안다!...올인원 투자정보 플랫폼 인베스팅뷰, AI '호악재 분류기' 탑재"
after,"인공지능산업융합사업단-조선대병원, AI 헬스케어 산업 발전 업무협약 체결"
after,"인천시·인천경찰청,인공지능 기반 교통상황실 운영"
after,(사)한국인공지능협회 상근부회장에 김외철 전 국무총리실 비서관 임명
after,"""똑똑한 인공지능, 국민과 함께 디지털 경제 가속화!""...디지털플랫폼정부 추진 본격 시동"
after,"전남대병원, 인공지능산업융합사업단과 MOU"
after,인공 지능의 마스터스 전망…1R 마쓰야마·스피스 등 선두 예상
after,"셀바스AI, 디지털 교과서에 인공지능 융합 고도화...AI 교육 사업 본격 확장"
after,"경기도교육청, 인공지능(AI) 기반 코스웨어 활용해 학생 맞춤형 교육 실현한다"
after,"SKT, 대학생들과 함께 인공지능 기술 개발 나선다"
after,인공지능·빅데이터 기반 의료환경 박차
after,"아마존, 인공지능 생성 초읽기?…""AI 경쟁 뒤처져 있지 않다"""
after,"경기도교육청, 인공지능 기반 코스웨어 활용 학생 맞춤형 교육"
after,AI(인공지능) 일자리도 늘렸다...지난해 미국 AI관련 일자리 100% 폭증
after,"세계 최초 인공지능 미술관, 그림들 면면 살펴보니"
after,"대전 동구, 인공지능 '집사'가 건강체크부터 말벗까지"
after,'대화형 인공지능 '챗GPT'와 언론발전 대응방안'
after,이차전지-인공지능…지역 산업체질 개선 '메가프로젝트 사업' 선정
after,"키움증권, 영웅전 인공지능(AI) 종목 정보 신설"
after,[#Let's 스타트업] 인공지능 3차원 카메라로 자율주행 앞당겨
after,인공지능 도움받아 더 날씬하고 선명해진 블랙홀
after,"경기 광주시, 인공지능 기술 활용 ‘지능형 선별관제시스템’ 구축"
after,"세종시교육청,'챗GPT'도움 자료 및 인공지능 교육자료 개발·보급"
after,"환경부, 가상모형ㆍ인공지능 기반 도시침수 예보 신속 대응체계 구축"
after,"안양서중, 4월 과학의 달 맞아 '인공지능·지구환경' 주제로 과학 행사"
after,"구미시, 2022년 12월부터 인공지능 AI스피커 300대 운영"
after,세계가 손 내미는 '인공지능(AI)·문화도시 광주'
after,(함성룡의 스타트업 이야기) 챗GPT와 인공지능(AI)은 재능이 있을까?
after,"경기도, 인공지능(AI) 기술 활용한 게임 콘텐츠 제작 기업에 1억원 지원"
after,"""내가 사족보행 끝판왕""…시각없이 인공지능으로 걷는다"
after,"SKT, 미래 AI 인재와 함께 세상을 바꿀 인공지능 기술 개발 나선다"
after,"세종시교육청, 챗GPT 도움 자료 및 인공지능 교육자료 개발 보급"
after,"""인공지능이 안부 챙깁니다"" SK텔레콤, 사회안전망 강화 나서"
after,"NH투자 ""한미반도체 후공정 중요해져, 인공지능 수요 늘어 직접적 수혜"""
after,충북대 산업인공지능연구센터 'ITRC 인재양성대전 2023' 참여
after,"KT ""안전한 교통체계 구축""…인공지능 ITS 구축"
after,인공지능 윤리정책 포럼 출범…정책 방향 제시
after,"인공지능 번역, 아프간 난민의 망명 신청 심사 과정의 걸림돌로 작용"
after,인공지능으로 부동산 시세 추정하는 서비스 나왔다
after,"인공지능 번역, 아프간 난민의 망명 신청 심사 과정의 걸림돌로 작용"
after,인공지능으로 부동산 시세 추정하는 서비스 나왔다
after,"키움증권, 영웅전 인공지능(AI) 종목 정보 신설"
after,"중앙대, 인공지능 기반 치매 진단·분류 기술 개발"
after,[AACR 2023]인공지능 루닛 암 예측도 더 향상
after,인공지능 기반 흉부 방사선 영상 분석의 임상적 효용 확인
after,中 '생성형 인공지능' 서비스 제공 전 보안 평가 신청해야
after,"NIA, '데이터통합혁신센터' 개소...인공지능·데이터 산업 활성화, 정책발굴 등 데이터 全주기 운영·지원"
after,"[김동연 방미③] 뉴욕대 방문해 '인공지능 수도' 협의하고, 린데사와 5000억원 규모 수소 사업 투자협약 체결"
after,"경기도, 인공지능(AI) 기술 활용한 게임 콘텐츠 제작 기업 모집..선정되면 1억원 지원"
after,"경기도, 인공지능(AI) 기술 활용한 게임 콘텐츠 제작 기업 모집..선정되면 1억원 지원"
after,"과기정통부, 초거대·생성형 AI 대응…인공지능 포럼 구성"
after,"김동연, ""미국서 세계적인 석학들과 심도있는 토의…'인공지능 수도' 만들 것"""
after,"삼성증권 , 인공지능·로봇 관련주 집중 투자…국내 첫 출시"
after,"중앙대, 오는 28일 '인공지능의 몸과 노동' 학술대회 개최"
after,"부산 강서구, 인공지능(AI) 기반 무료 안저검사 진행"
after,"키움證, 영웅전 인공지능 종목 정보 신설"
after,"김외철 전 국무총리실 비서관, 한국인공지능협회 상근부회장 선임"
after,"광주시, 인공지능(AI) 기술 활용한 '지능형 선별관제시스템' 구축"
after,"한국인공지능협회-중진공, AI 기업 지원 위한 협력 체계 구축...인공지능 중소·벤처생태계 기반 다진다!"
after,"한국인공지능협회-중진공, AI 기업 지원 위한 협력 체계 구축...인공지능 중소·벤처생태계 기반 다진다!"
after,"“AI 경쟁 뒤처져 있지 않다”…아마존, 생성 인공지능 내놓나"
after,"[강사의 서재] ""챗GPT 인공지능 시대에 필요한 지혜"" 심정섭의 『탈무드식 역사 토론』 출간"
after,[포토] '월드IT쇼 개막' KT 인공지능 로봇 살펴보는 이종호 장관
after,"[영상] 경북도·구글 클라우드 '맞손' ""글로벌 인공지능 인재 양성"""
after,광주 인공지능 사관학교 330명 모집에 778명 지원…2.4대 1
after,"EU, '인공지능 규제 법안' 내부 논의 중"
after,"김동연 ""인공지능 기술 적극 활용...사회문제도 해결할 정책 준비하겠다"""
after,"성균관대학교 인공지능혁신융합대학사업단, sba 서울경제진흥원과 업무협력 협약 체결"
after,"""인공지능 잘 사용하는 엔지니어 되기를"""
after,"동구바이오제약, 인공지능 '메디컬AI'와 맞손…""디지털헬스케어 사업 확대"""
after,"GPT-4, ‘인공지능 기준 위반’으로 고발당해… 당국 조사 여부 ‘주목’"
after,중앙대 인공지능 기반 치매 진단/분류 기술 개발
after,생성 인공지능 챗GPT 명암(明暗)
after,"광주시·구글 클라우드 코리아·전남대, 인공지능 인재 키운다"
after,"국립광주과학관, '인공지능 챗 GPT 시대, 진정한 창의성이란?'"
after,인공지능(AI) 인재양성 메카 '광주 AI 사관학교' 인기
after,"이화여대, '인공지능 빅데이터 시대의 뇌과학연구' 국제 심포지엄 개최"
after,"김동연, ""세계적인 석학들과 '인공지능 수도' 만들겠다"""
after,"충남 논산시, 인공지능 'ChatGPT' 행정영역 접목 시도"
after,"부동산R114, 인공지능 추정가 서비스"
after,"광주광역시, 인공지능(AI)·문화도시 광주알리기 잰걸음"
after,"김동연 “세계적인 석학들과 ‘인공지능 수도’ 만들겠다"""
after,"위시빈, 인공지능·블록체인 특허 2종 출원"
after,"직방, 인공지능 빅데이터 솔루션 '직방RED' 출시"
after,디지털 트윈ㆍ인공지능 기반 도시침수 예보 및 대응 체계 구축한다
after,"성균관대 인공지능혁신융합대학사업단, 서울경제진흥원과 '서울형 R&D 산학협력' 위한 MOU 체결"
after,"경기도, 어린이집 240개소에 대화형 인공지능 로봇 대여"
after,인공 지능의 마스터스 전망…1R 마쓰야마 · 스피스 등 선두 예상
after,"사피온-GS건설-GS네오텍-대보정보통신, 인공지능 생태계 조성 및 사업 위해 맞손!"
after,"광주시, 구글 클라우드 코리아-전남대와 인공지능(AI) 인재 육성"
after,"주머니 속에서 인공지능을?...에이디링크, 포터블 GPU 가속기 'Pocket AI' 출시"
after,"민주화운동기념사업회, 2023년 제1차 민주주의 포럼 '챗GPT, 인공지능과 민주주의' 개최"
after,인공지능이 '수면무호흡' 환자 '실시간' 진단 수준으로 끌어올렸다!
after,"전남대병원, 인공지능산업융합사업단과 MOU 체결"
after,[#Let's 스타트업] 초거대 인공지능 특화 연산 프로세서 만든다
after,"[요즘 이거] 인공지능이 기사를 작성하는 세상 - 챗GPT, 교열도 삼키나"
after,"""침수피해 어르신가구 안전,'키미'가 지킨다"" 관악구, 인공지능 돌봄로봇 보급"
after,"광주과학관, 제2회 인공지능오딧세이 포럼 '성료'"
after,"맛집 정보 생성 인공지능이 찾아준다!... 식신, 맛집 정보 서비스에 챗GPT 적용"
after,"대한민국, '인공지능과 민주적 가치' 최상위…12개 지표 중 11개 만점"
after,"광주시·구글 클라우드 코리아·전남대, 인공지능 인재 키운다"
after,급진보하는 인공지능… 골렘? 아니면 엔키두?[광화문에서/조종엽]
after,대전 초‧중‧고에 인공지능‧소프트웨어 전파…배재대 '재능나눔 SW봉사단' 운영
after,"부산사하도서관, 인공지능 주제 특강 운영"
after,"천안시-JB, 인공지능 전기자동차 화재 솔루션 개발 '맞손'"
after,"경기도교육청, 인공지능(AI) 기반 코스웨어 활용해 학생 맞춤형 교육 실현"
after,"딥마인드 CEO ""인공지능, 언젠가 지각력 지닐 수도"""
after,"정부, 인공지능·디지털 트윈 기반 도시침수 예보 및 신속 대응체계 구축한다"
after,[인터뷰] GE헬스케어 인공지능 MR '시그나 히어로' 국내 선보인다
after,[인터뷰] GE헬스케어 인공지능 MR '시그나 히어로' 국내 선보인다
after,"과기정통부, 제2기 인공지능 윤리정책 포럼 개최"
after,홀로 사는 70대 노인 목숨 구한 '인공지능 스피커‘
after,"김진표 의장 ""올해 인공지능 일상화 원년...기술 인간 위해 존재해야"""
after,인공지능이 음성 골프 해설…6일 개막 마스터스 대회부터
after,"대한민국, '인공지능과 민주적 가치' 2년 연속 1등급 달성...75개국 중 최상위"
after,"키움증권, 영웅전 인공지능(AI) 종목 분석정보 제공"
after,반도체·인공지능 첨단산업 유치…글로벌 물류·경제 공항 발돋움
after,"경북교육청, 전국 최초 인공지능 감사시스템 ‘경북교육청 제1호 특허 등록 완료’"
after,"한전KDN, 한국가스공사와 인공지능 기반 스마트 안전 솔루션 실증 사업 업무협약"
after,"한전KDN, 한국가스공사와 인공지능 기반 스마트 안전 솔루션 실증 사업 업무협약"
after,"[금융 돋보기] 새로운 흐름, 인공지능"
after,"구미시, “아리아 살려줘~” 인공지능 AI스피커 300대 운영"
after,"멋쟁이사자처럼, 인공지능·챗GPT 활용 오프라인 클래스 수강생 모집"
after,[금강칼럼] 인공지능(AI)과 공생하기
after,"국립광주과학관, 제2회 인공지능오딧세이 포럼 개최"
after,"“인공지능 교육은 광주에서” 전국 청년들, 광주로 몰린다"
after,"'챗GPT' 도입한 사람인 ""인공지능으로 면접 코칭"""
after,"캐논코리아, KBS와 인공지능·8K 기술 기반 미디어 제작 사업 위한 업무 협약"
after,"인공지능 개발, 멈출 수 있을까"
after,"키움증권, 영웅전 인공지능 종목 정보 신설…""투자 아이디어 제공"""
after,"장성민 인하대 교수, 인공지능 시대의 미래 글쓰기 교육에 대한 연구 성과 발표"
after,"국립광주과학관-한국과총 광주전남연합회, 제2회 인공지능 오딧세이 포럼 개최… ""AI 교육·챗GPT 활용·미래사회 전망 등 논의!"""
after,인공지능 마을돌봄서비스 `호평'
after,인공지능 시대 인간의 조건
after,지난해 미국서 인공지능 관련 일자리 80만 개…전년 두 배
after,"우체국, 인공지능 기반 금융서비스 도입"
after,"대전 동구, ‘인공지능(AI) 마을돌봄서비스’ 호평"
after,"美 아마존, 생성 인공지능 민주화 선언!....챗GPT 등 대응하는 생성 AI 플랫폼 '베드록' 등 대거 발표"
after,"계명대 대구동산병원, 인공지능기반 MRI 도입"
after,“이름이 뭐야”… “초롱이에요”말동무 된 인공지능
after,인공지능으로 뇌신경조절치료효과 상승
after,"한국과학기자협회-LG AI연구원, 인공지능 기술 알린다"
after,21대 국회 인공지능(AI) 법안 12건…처리는 0건 [리걸 테크 어디까지 왔나]
after,"김동연 경기도지사, ""경기도를 빅테크 기업들과 함께 ‘인공지능 수도’로 우뚝 세울 것"""
after,"인공지능팩토리, 마이크로소프트와 '챗GPT MS애저톤' 개최"
after,"디엠티랩스, 과기정통부·NIA ‘2022년 인공지능 학습용 데이터 구축사업’ 완료"
after,인공지능 반도체 'NPU' 개발 나선 중소 반도체 회사는
after,"전남교육청, '대화형 인공지능 챗봇활용' 교육용 안내서 배부"
after,"한음저협, 인공지능 저작권 대응 'AI TFT' 발족"
after,"포항TP, 경북도와 협력해 지역 인공지능(AI) 벤처육성에 앞장"
after,"광주시·구글 클라우드 코리아·전남대, 인공지능 인재 키운다"
after,성균관대 인공지능혁신융합대학사업단-서울경제진흥원 ‘서울형 R&D 산학협력’ 위한 MOU 체결
after,"천안시-JB, 인공지능 솔루션 개발 협약"
after,인공지능에 푹 빠진 아이들…'디지털 새싹 캠프' 18만명 몰렸다
after,"스튜디오랩, 국내 첫 생성형 인공지능 대회 '젠 AI 해커톤'에서 수상"
after,[미래읽기] 나는 인간이면서 인공지능
after,"국민통합위원회, 인공지능(AI) 미래갈등 대응 방안 논의"
after,“인공지능시대 ‘챗GPT’ 전문가 되는 길”…체험 중심 교육 큰 호응
after,"마산회원구, ICT연계 인공지능 통합 돌봄사업 점검"
after,"워런 버핏 지분 매각에도 TSMC 전망 긍정적, 인공지능 반도체가 '기회'"
after,[이슈+] 피 한 방울로 6대 암 진단하는 '인공지능' 기술 개발
after,"중앙대, 인공지능 기반 치매 진단·분류 기술 개발"
after,"과기정통부, 인공지능 윤리·신뢰성 확보 모색"
after,"포항TP, 인공지능 벤처육성 성과 '톡톡'"
after,"[데스크칼럼] 인공지능 시대, 인간에게 기회일까 위협일까?"
after,H2U 테크놀로지스-도쿄가스 인공지능 통한 저가형 수전해 소재 개발 협업
after,"배재대, '재능나눔 SW봉사단' 발대식 개최…인공지능 교육 도우미"
after,'인공지능과 민주적 가치' 지수 2년 연속 1등급 달성
after,인공 지능에 투자하는 현명한 방법은
after,‘생성형 AI’ 확산 속 인공지능 윤리정책 논의 본격화
after,[인공지능의 두 얼굴] 챗GPT는 기자를 대체할 수 있을까
after,"한국인공지능협회, 첫 상근부회장에 김외철 전 국무총리실 비서관 임명"
after,[김경환 변호사의 디지털법]〈8〉인공지능이 생성한 결과물에 저작권이 인정되는가?
after,"광주시·구글 클라우드 코리아·전남대, 인공지능(AI) 인재 키운다"
after,챗gpt-4 인공지능 미래세상
after,"연세대학교 인공지능융합대학, 매쉬업엔젤스와 '스타트업 창업 토크 콘서트' 개최"
after,"폴라리스오피스, 인공지능 오피스 플랫폼 사업 본격화"
after,인공지능과 일자리의 미래
after,"경북교육청, 유·초등 교(원)감 대상 수업 장학 및 인공지능을 활용한 수업 변화 방향 논의"
after,"경북교육청, 유·초등 교(원)감 대상 수업 장학 및 인공지능을 활용한 수업 변화 방향 논의"
after,"LG CNS, MS와 '애저 오픈AI 서비스' 및 '생성 AI' 통한 인공지능 서비스 사업 강화"
after,"주식 이상거래와 이벤트 탐지, 인공지능이 최전선에 나섰다!... 크래프트, AI예측·탐지 모델 '모자이크 AI' 출시"
after,"남양주시, ‘ChatGPT가 불러온 인공 지능(AI) 시대’ 강연 실시"
after,"국민통합위원회, 인공지능(AI) 미래갈등 대비"
after,"롯데건설, 인공지능 활용해 공사현장 흙막이 안정성 확보"
after,"서울시복지재단, 인공지능 기반 고독사 예방 시스템 구축"
after,챗GPT로 본 인공지능과 미래사회
after,"세종시교육청,'챗GPT'도움 자료 및 인공지능 교육자료 개발·보급"
after,"정부, '23년도 인공지능학습용데이터 구축사업 공모...총 2805억원 투입, 150종 구축해 초거대AI 데이터 인프라 확충"
after,"대전 동구, 인공지능 돌봄서비스 어르신 만족도 높아"
after,"키움증권, 영웅전 인공지능 종목 정보 신설...""투자 아이디어 제공"""
after,"클라리파이, 인공지능(AI) 조영증강기술 효과 입증"
after,"SKT, 미래 AI 인재와 함께 세상을 바꿀 인공지능 기술 개발 나선다"
after,"환경부, 베트남 기업과 국내 인공지능 소각로 MOU 체결"
after,"전남교육청, 대화형 인공지능 챗봇활용 교육용 안내서 배부"
after,"한국고용정보원, 전국 대학일자리플러스센터 세미나 개최…진로상담에 부는 인공지능기술 바람"
after,전주시보건소 “치매 어르신들에게 인공지능 로봇 친구 생겼어요”
after,"경기도교육청, 인공지능(AI) 활용 맞춤형 교육 운영 온라인 설명회"
after,대전 초/중/고에 인공지능/소프트웨어 전파.. 배재대 '재능나눔 SW봉사단' 운영
after,"김외철 전 국무총리 비서관, 한국인공지능협회 첫 상근부회장 임명"
after,"키움증권, 영웅전 '인공지능(AI) 종목 정보' 신설"
after,"'생성 AI'가 심장질환 진단 방식 확 바꾼다!... 메디컬에이아이, ICASSP 2023서 심전도 생성 인공지능 'ECGT2T' 발표"
after,"SKT, 인공지능 분야 미래 인재 육성 'AI 펠로우십' 5기 모집"
after,"과기정통부, 2023년도 '인공지능 구축 사업' 2,805억 원 투입"
after,인공지능 로봇시대를 대비한 국민통합 정책이 필요하다
after,"정부, 지역원천 기술 개발 지원...이차전지·인공지능 등 5대 프로젝트 선정"
after,부산시 ‘인공지능 당뇨병 예방·관리’ 시범사업 실시
after,aT농식품유통교육원 디지털융합교육원 초청 농산물 CEO과정서 '인공지능 챗GPT 활용 농산물 홍보전략' 특강 마련
after,"마산회원구, ICT연계 인공지능 통합돌봄사업 점검으로 보호 강화"
after,"제이엘케이, 5개 인공지능 의료 솔루션 아르헨티나 인허가 획득"
after,"SKT, 미래 AI 인재와 함께 인공지능 기술 개발 나선다"
after,"4월 1일 개장 클럽72, 인공지능 카트 도입 등 이용자 중심 운영"
after,"구글 클라우드, 경북도와 글로벌 인공지능(AI) 인재 양성 추진"
after,"소행성 구성성분, 인공지능 기술로 알아낸다"
after,"인공지능산업융합사업단, 챗 GPT 체험 중심 교육 '큰 호응'"
after,"바이든 美 행정부, '챗GPT' 비롯한 인공지능 잠재적 위험에 대한 규제 방안 착수"
after,"부산시, 인공지능(AI) 활용 '당뇨병 예방·관리 시범사업' 실시"
after,계명대 대구동산병원 최첨단 인공지능기반 MRI도입
after,전공과 관계없이 인공지능 학위 취득
after,"대전 동구, 인공지능 '집사' 건강체크부터 말벗까지"
after,광주시·구글 클라우드 코리아·전남대 협업 인공지능(AI) 인재 키운다
after,미국서 인공지능 관련 일자리 80만개…전년 대비 두배↑
after,인공지능과 로봇공학에 투자하는 랩
after,"공항철도, 인공지능(AI) 기술 활용 위한 '챗GPT' 교육 시행"
after,"대구동산병원, 인공지능 기반 최첨단 MRI 도입"
after,"SKTㆍKT, 인공지능 기술 투자 확대"
after,"남양주시, ‘인공 지능(AI) 시대 대비’ 전문가 초청 강연"
after,"'인공지능 윤리정책 포럼' 출범… ""사회적 신뢰 확보"""
after,"KISTI, '데이터 분석 통한 인공지능 윤리 이슈분석 및 정책적 시사점' 발간"
after,시흥시 농업인도 '인공지능' 활용할 수 있어요!
after,광주 인공지능 기업 지원 자문단 출범…전문가 112명 참여
after,"인공지능과 스마트싱스로 지속가능성과 초연결성으로 진화하는 삼성전자, '비스포크 라이프'"
after,"KT ""보안과 인공지능 접목""…이메일 보안 솔루션 상용화"
after,"“인공지능, 가짜 뉴스 범람 가져올 수도… 오히려 퀄리티 저널리즘에 기회”"
after,"인하대 장성민 교수, 인공지능 시대의 미래 글쓰기 교육에 대한 연구 성과 발표"
after,"포항TP, 경북도와 협력 지역 인공지능 벤처육성 앞장"
after,"GC지놈, 1기 암 검출률 91.1% 기록한 인공지능 알고리즘 ‘네이처 커뮤니케이션즈’ 게재"
after,[이상직 변호사의 디지털 창세기]〈15〉대화형 인공지능 GPT를 어떻게 규율할 것인가
after,"중앙대, ‘인공지능의 몸과 노동’ AI인문학 학술대회 개최"
after,"부동산R114, 인공지능 기반 부동산가격 자동산정 ‘AI 추정가’ 서비스 출시"
after,"아마존도 생성 인공지능 출시?…""AI 경쟁 뒤처져 있지 않다"""
after,[NFT 핫트렌드] '인공지능+NFT' 결합땐 시너지 무궁무진
after,"장치혁 작가 “글쓰기, 이제 ChatGPT 등 인공지능 활용을”"
after,"""아리아 살려줘~""구미시에서 소중한 생명 구한 인공지능 스피커!"
after,고국원 교수의 전공 파격 | 농기계공학도의 ‘불운 로드’ 인공지능·자율주행에 닿다
after,중앙대 '인공지능과 노동' 주제로 학술대회
after,"뤼이드, 세계 최고 인공지능학회에 AI 이미지 시각화 기술 논문 등재"
after,"인공지능산업융합사업단, 'K-디지털챌린지 : AI 스타트업 창업 경진대회' 개최…""수상팀에 AI 창업·사업화 비용 지원!"""
after,"SKT, 미래 AI 인재와 함께 인공지능 기술 개발 추진"